nohup: ignoring input
Grafana server is running with elevated privileges. This is not recommended
logger=settings t=2026-05-25T15:35:10.924052934Z level=info msg="Starting Grafana" version=13.0.1+security-01 commit=9bbe672d branch=release-13.0.1+security-01 compiled=2026-05-12T07:45:26Z
logger=settings t=2026-05-25T15:35:10.924836774Z level=info msg="Unified migration configs enforced" storage_type=unified target=[all]
logger=settings t=2026-05-25T15:35:10.925008514Z level=info msg="Enforcing mode 5 for resource in unified storage" resource=folders.folder.grafana.app
logger=settings t=2026-05-25T15:35:10.925146414Z level=info msg="Enforcing mode 5 for resource in unified storage" resource=dashboards.dashboard.grafana.app
logger=settings t=2026-05-25T15:35:10.925249264Z level=info msg="Enforcing mode 5 for resource in unified storage" resource=playlists.playlist.grafana.app
logger=settings t=2026-05-25T15:35:10.925422225Z level=info msg="Config loaded from" file=/usr/share/grafana/conf/defaults.ini
logger=settings t=2026-05-25T15:35:10.925523775Z level=info msg="Config loaded from" file=/etc/grafana/grafana.ini
logger=settings t=2026-05-25T15:35:10.925639455Z level=info msg="Config overridden from command line" arg="default.paths.data=/var/lib/grafana"
logger=settings t=2026-05-25T15:35:10.925746315Z level=info msg="Config overridden from command line" arg="default.paths.logs=/var/log/grafana"
logger=settings t=2026-05-25T15:35:10.925845255Z level=info msg="Config overridden from command line" arg="default.paths.plugins=/var/lib/grafana/plugins"
logger=settings t=2026-05-25T15:35:10.925921445Z level=info msg="Config overridden from command line" arg="default.paths.provisioning=/etc/grafana/provisioning"
logger=settings t=2026-05-25T15:35:10.925980885Z level=info msg=Target target=[all]
logger=settings t=2026-05-25T15:35:10.926086575Z level=info msg="Path Home" path=/usr/share/grafana
logger=settings t=2026-05-25T15:35:10.926190685Z level=info msg="Path Data" path=/var/lib/grafana
logger=settings t=2026-05-25T15:35:10.926334065Z level=info msg="Path Logs" path=/var/log/grafana
logger=settings t=2026-05-25T15:35:10.926409545Z level=info msg="Path Plugins" path="[/var/lib/grafana/plugins /usr/share/grafana/data/plugins-bundled]"
logger=settings t=2026-05-25T15:35:10.926462285Z level=info msg="Path Provisioning" path=/etc/grafana/provisioning
logger=settings t=2026-05-25T15:35:10.926565005Z level=info msg="App mode production"
logger=featuremgmt t=2026-05-25T15:35:10.927595616Z level=info msg=FeatureToggles alertRuleRestore=true alertingBulkActionsInUI=true alertingImportYAMLUI=true alertingListViewV2=true alertingListViewV2PreviewToggle=true alertingMigrationUI=true alertingNavigationV2=true alertingNotificationsStepMode=true alertingQueryAndExpressionsStepMode=true alertingRulePermanentlyDelete=true alertingRuleRecoverDeleted=true alertingRuleVersionHistoryRestore=true alertingSaveStateCompressed=true alertingUIOptimizeReducer=true alertingUIUseBackendFilters=true alertingUIUseFullyCompatBackendFilters=true alertingUseNewSimplifiedRoutingHashAlgorithm=true annotationPermissionUpdate=true awsAsyncQueryCaching=true awsDatasourcesTempCredentials=true azureMonitorEnableUserAuth=true azureMonitorPrometheusExemplars=true azureResourcePickerUpdates=true cloudWatchCrossAccountQuerying=true cloudWatchNewLabelParsing=true cloudWatchRoundUpEndTime=true dashboardDefaultLayoutSelector=true dashboardNewLayouts=true dashboardScene=true dashgpt=true enableSCIM=true externalVizSuggestions=true feedbackButton=true grafanaAdvisor=true grafanaAssistantInProfilesDrilldown=true grafanaconThemes=true improvedExternalSessionHandling=true improvedExternalSessionHandlingSAML=true influxdbBackendMigration=true logsPanelControls=true lokiLabelNamesQueryApi=true lokiQuerySplitting=true multiPropsVariables=true newLogsPanel=true newPanelPadding=true newTimeRangeZoomShortcuts=true newUnconfiguredPanel=true newVizSuggestions=true onlyStoreActionSets=true preventPanelChromeOverflow=true prometheusAzureOverrideAudience=true prometheusTypeMigration=true provisioning=true provisioningFolderMetadata=true publicDashboardsScene=true rememberUserOrgForSso=true renderAuthJWT=true restoreDashboards=true restrictedPluginApis=true sharingDashboardImage=true splashScreen=true timeRangePan=true useSessionStorageForRedirection=true
logger=sqlstore t=2026-05-25T15:35:10.927828116Z level=info msg="Connecting to DB" dbtype=sqlite3
logger=sqlstore t=2026-05-25T15:35:10.927926736Z level=info msg="Using SQLite driver" driver=modernc.org/sqlite
logger=sqlstore t=2026-05-25T15:35:10.928044076Z level=info msg="Creating SQLite database file" path=/var/lib/grafana/grafana.db
logger=migrator t=2026-05-25T15:35:10.929757538Z level=info msg="Locking database"
logger=migrator t=2026-05-25T15:35:10.929871788Z level=info msg="Starting DB migrations"
logger=migrator t=2026-05-25T15:35:10.931071949Z level=info msg="Executing migration" id="create migration_log table"
logger=migrator t=2026-05-25T15:35:10.931633609Z level=info msg="Migration successfully executed" id="create migration_log table" duration=561.32µs
logger=migrator t=2026-05-25T15:35:10.9664125Z level=info msg="Executing migration" id="create user table"
logger=migrator t=2026-05-25T15:35:10.9668753Z level=info msg="Migration successfully executed" id="create user table" duration=462.47µs
logger=migrator t=2026-05-25T15:35:10.967617081Z level=info msg="Executing migration" id="add unique index user.login"
logger=migrator t=2026-05-25T15:35:10.968096291Z level=info msg="Migration successfully executed" id="add unique index user.login" duration=478.91µs
logger=migrator t=2026-05-25T15:35:10.968736841Z level=info msg="Executing migration" id="add unique index user.email"
logger=migrator t=2026-05-25T15:35:10.969214612Z level=info msg="Migration successfully executed" id="add unique index user.email" duration=477.521µs
logger=migrator t=2026-05-25T15:35:10.969858952Z level=info msg="Executing migration" id="drop index UQE_user_login - v1"
logger=migrator t=2026-05-25T15:35:10.970342222Z level=info msg="Migration successfully executed" id="drop index UQE_user_login - v1" duration=483.04µs
logger=migrator t=2026-05-25T15:35:10.970902692Z level=info msg="Executing migration" id="drop index UQE_user_email - v1"
logger=migrator t=2026-05-25T15:35:10.971333773Z level=info msg="Migration successfully executed" id="drop index UQE_user_email - v1" duration=425.161µs
logger=migrator t=2026-05-25T15:35:10.971993293Z level=info msg="Executing migration" id="Rename table user to user_v1 - v1"
logger=migrator t=2026-05-25T15:35:10.972874724Z level=info msg="Migration successfully executed" id="Rename table user to user_v1 - v1" duration=880.971µs
logger=migrator t=2026-05-25T15:35:10.973488364Z level=info msg="Executing migration" id="create user table v2"
logger=migrator t=2026-05-25T15:35:10.973942934Z level=info msg="Migration successfully executed" id="create user table v2" duration=454.26µs
logger=migrator t=2026-05-25T15:35:10.974468525Z level=info msg="Executing migration" id="create index UQE_user_login - v2"
logger=migrator t=2026-05-25T15:35:10.974942435Z level=info msg="Migration successfully executed" id="create index UQE_user_login - v2" duration=473.58µs
logger=migrator t=2026-05-25T15:35:10.975542435Z level=info msg="Executing migration" id="create index UQE_user_email - v2"
logger=migrator t=2026-05-25T15:35:10.976017276Z level=info msg="Migration successfully executed" id="create index UQE_user_email - v2" duration=474.271µs
logger=migrator t=2026-05-25T15:35:10.976708796Z level=info msg="Executing migration" id="copy data_source v1 to v2"
logger=migrator t=2026-05-25T15:35:10.977001196Z level=info msg="Migration successfully executed" id="copy data_source v1 to v2" duration=296µs
logger=migrator t=2026-05-25T15:35:10.977575776Z level=info msg="Executing migration" id="Drop old table user_v1"
logger=migrator t=2026-05-25T15:35:10.977904927Z level=info msg="Migration successfully executed" id="Drop old table user_v1" duration=328.911µs
logger=migrator t=2026-05-25T15:35:10.978491527Z level=info msg="Executing migration" id="Add column help_flags1 to user table"
logger=migrator t=2026-05-25T15:35:10.979193487Z level=info msg="Migration successfully executed" id="Add column help_flags1 to user table" duration=687.79µs
logger=migrator t=2026-05-25T15:35:10.979796698Z level=info msg="Executing migration" id="Update user table charset"
logger=migrator t=2026-05-25T15:35:10.979924548Z level=info msg="Migration successfully executed" id="Update user table charset" duration=128.2µs
logger=migrator t=2026-05-25T15:35:10.980588668Z level=info msg="Executing migration" id="Add last_seen_at column to user"
logger=migrator t=2026-05-25T15:35:10.981225829Z level=info msg="Migration successfully executed" id="Add last_seen_at column to user" duration=630.921µs
logger=migrator t=2026-05-25T15:35:10.981736389Z level=info msg="Executing migration" id="Add missing user data"
logger=migrator t=2026-05-25T15:35:10.981945859Z level=info msg="Migration successfully executed" id="Add missing user data" duration=209.43µs
logger=migrator t=2026-05-25T15:35:10.98256797Z level=info msg="Executing migration" id="Add is_disabled column to user"
logger=migrator t=2026-05-25T15:35:10.98334638Z level=info msg="Migration successfully executed" id="Add is_disabled column to user" duration=778.08µs
logger=migrator t=2026-05-25T15:35:10.98400659Z level=info msg="Executing migration" id="Add index user.login/user.email"
logger=migrator t=2026-05-25T15:35:10.984415621Z level=info msg="Migration successfully executed" id="Add index user.login/user.email" duration=408.641µs
logger=migrator t=2026-05-25T15:35:10.984972211Z level=info msg="Executing migration" id="Add is_service_account column to user"
logger=migrator t=2026-05-25T15:35:10.985569121Z level=info msg="Migration successfully executed" id="Add is_service_account column to user" duration=604.05µs
logger=migrator t=2026-05-25T15:35:10.986104191Z level=info msg="Executing migration" id="Update is_service_account column to nullable"
logger=migrator t=2026-05-25T15:35:10.988158943Z level=info msg="Migration successfully executed" id="Update is_service_account column to nullable" duration=2.054332ms
logger=migrator t=2026-05-25T15:35:10.988736953Z level=info msg="Executing migration" id="Add uid column to user"
logger=migrator t=2026-05-25T15:35:10.989308464Z level=info msg="Migration successfully executed" id="Add uid column to user" duration=571.171µs
logger=migrator t=2026-05-25T15:35:10.989866124Z level=info msg="Executing migration" id="Update uid column values for users"
logger=migrator t=2026-05-25T15:35:10.990084604Z level=info msg="Migration successfully executed" id="Update uid column values for users" duration=218.51µs
logger=migrator t=2026-05-25T15:35:10.990767465Z level=info msg="Executing migration" id="Make sure users uid are set"
logger=migrator t=2026-05-25T15:35:10.990951955Z level=info msg="Migration successfully executed" id="Make sure users uid are set" duration=184.26µs
logger=migrator t=2026-05-25T15:35:10.991723325Z level=info msg="Executing migration" id="Add unique index user_uid"
logger=migrator t=2026-05-25T15:35:10.992137365Z level=info msg="Migration successfully executed" id="Add unique index user_uid" duration=413.84µs
logger=migrator t=2026-05-25T15:35:10.992840426Z level=info msg="Executing migration" id="Add is_provisioned column to user"
logger=migrator t=2026-05-25T15:35:10.993485066Z level=info msg="Migration successfully executed" id="Add is_provisioned column to user" duration=637.47µs
logger=migrator t=2026-05-25T15:35:10.994132956Z level=info msg="Executing migration" id="update login field with orgid to allow for multiple service accounts with same name across orgs"
logger=migrator t=2026-05-25T15:35:10.994372556Z level=info msg="Migration successfully executed" id="update login field with orgid to allow for multiple service accounts with same name across orgs" duration=239.55µs
logger=migrator t=2026-05-25T15:35:10.995028517Z level=info msg="Executing migration" id="update service accounts login field orgid to appear only once"
logger=migrator t=2026-05-25T15:35:10.995340607Z level=info msg="Migration successfully executed" id="update service accounts login field orgid to appear only once" duration=311.95µs
logger=migrator t=2026-05-25T15:35:10.996155578Z level=info msg="Executing migration" id="update login and email fields to lowercase"
logger=migrator t=2026-05-25T15:35:10.996480048Z level=info msg="Migration successfully executed" id="update login and email fields to lowercase" duration=323.82µs
logger=migrator t=2026-05-25T15:35:10.997168388Z level=info msg="Executing migration" id="update login and email fields to lowercase2"
logger=migrator t=2026-05-25T15:35:10.997480938Z level=info msg="Migration successfully executed" id="update login and email fields to lowercase2" duration=312.2µs
logger=migrator t=2026-05-25T15:35:10.998190159Z level=info msg="Executing migration" id="Add index on user.is_service_account and user.last_seen_at"
logger=migrator t=2026-05-25T15:35:10.998634679Z level=info msg="Migration successfully executed" id="Add index on user.is_service_account and user.last_seen_at" duration=444.16µs
logger=migrator t=2026-05-25T15:35:10.99934391Z level=info msg="Executing migration" id="Expand user.uid length to 190"
logger=migrator t=2026-05-25T15:35:10.99952696Z level=info msg="Migration successfully executed" id="Expand user.uid length to 190" duration=183.3µs
logger=migrator t=2026-05-25T15:35:11.00015257Z level=info msg="Executing migration" id="Prefix SCIM uid for provisioned users"
logger=migrator t=2026-05-25T15:35:11.000388761Z level=info msg="Migration successfully executed" id="Prefix SCIM uid for provisioned users" duration=236.321µs
logger=migrator t=2026-05-25T15:35:11.001050341Z level=info msg="Executing migration" id="create temp user table v1-7"
logger=migrator t=2026-05-25T15:35:11.001429271Z level=info msg="Migration successfully executed" id="create temp user table v1-7" duration=371.22µs
logger=migrator t=2026-05-25T15:35:11.002172562Z level=info msg="Executing migration" id="create index IDX_temp_user_email - v1-7"
logger=migrator t=2026-05-25T15:35:11.002594022Z level=info msg="Migration successfully executed" id="create index IDX_temp_user_email - v1-7" duration=421.26µs
logger=migrator t=2026-05-25T15:35:11.004168683Z level=info msg="Executing migration" id="create index IDX_temp_user_org_id - v1-7"
logger=migrator t=2026-05-25T15:35:11.005233403Z level=info msg="Migration successfully executed" id="create index IDX_temp_user_org_id - v1-7" duration=1.07027ms
logger=migrator t=2026-05-25T15:35:11.006278874Z level=info msg="Executing migration" id="create index IDX_temp_user_code - v1-7"
logger=migrator t=2026-05-25T15:35:11.006811544Z level=info msg="Migration successfully executed" id="create index IDX_temp_user_code - v1-7" duration=532.37µs
logger=migrator t=2026-05-25T15:35:11.007760345Z level=info msg="Executing migration" id="create index IDX_temp_user_status - v1-7"
logger=migrator t=2026-05-25T15:35:11.008249785Z level=info msg="Migration successfully executed" id="create index IDX_temp_user_status - v1-7" duration=489.14µs
logger=migrator t=2026-05-25T15:35:11.008919556Z level=info msg="Executing migration" id="Update temp_user table charset"
logger=migrator t=2026-05-25T15:35:11.008991436Z level=info msg="Migration successfully executed" id="Update temp_user table charset" duration=72.18µs
logger=migrator t=2026-05-25T15:35:11.009850816Z level=info msg="Executing migration" id="drop index IDX_temp_user_email - v1"
logger=migrator t=2026-05-25T15:35:11.010250127Z level=info msg="Migration successfully executed" id="drop index IDX_temp_user_email - v1" duration=389.491µs
logger=migrator t=2026-05-25T15:35:11.010871787Z level=info msg="Executing migration" id="drop index IDX_temp_user_org_id - v1"
logger=migrator t=2026-05-25T15:35:11.011296377Z level=info msg="Migration successfully executed" id="drop index IDX_temp_user_org_id - v1" duration=424.33µs
logger=migrator t=2026-05-25T15:35:11.011871948Z level=info msg="Executing migration" id="drop index IDX_temp_user_code - v1"
logger=migrator t=2026-05-25T15:35:11.012294448Z level=info msg="Migration successfully executed" id="drop index IDX_temp_user_code - v1" duration=422.45µs
logger=migrator t=2026-05-25T15:35:11.012893438Z level=info msg="Executing migration" id="drop index IDX_temp_user_status - v1"
logger=migrator t=2026-05-25T15:35:11.013331888Z level=info msg="Migration successfully executed" id="drop index IDX_temp_user_status - v1" duration=438.32µs
logger=migrator t=2026-05-25T15:35:11.013847399Z level=info msg="Executing migration" id="Rename table temp_user to temp_user_tmp_qwerty - v1"
logger=migrator t=2026-05-25T15:35:11.014770849Z level=info msg="Migration successfully executed" id="Rename table temp_user to temp_user_tmp_qwerty - v1" duration=930.83µs
logger=migrator t=2026-05-25T15:35:11.015483339Z level=info msg="Executing migration" id="create temp_user v2"
logger=migrator t=2026-05-25T15:35:11.01593129Z level=info msg="Migration successfully executed" id="create temp_user v2" duration=447.711µs
logger=migrator t=2026-05-25T15:35:11.01656157Z level=info msg="Executing migration" id="create index IDX_temp_user_email - v2"
logger=migrator t=2026-05-25T15:35:11.01691877Z level=info msg="Migration successfully executed" id="create index IDX_temp_user_email - v2" duration=356.76µs
logger=migrator t=2026-05-25T15:35:11.017460491Z level=info msg="Executing migration" id="create index IDX_temp_user_org_id - v2"
logger=migrator t=2026-05-25T15:35:11.017866041Z level=info msg="Migration successfully executed" id="create index IDX_temp_user_org_id - v2" duration=405.19µs
logger=migrator t=2026-05-25T15:35:11.018409192Z level=info msg="Executing migration" id="create index IDX_temp_user_code - v2"
logger=migrator t=2026-05-25T15:35:11.018857522Z level=info msg="Migration successfully executed" id="create index IDX_temp_user_code - v2" duration=447.84µs
logger=migrator t=2026-05-25T15:35:11.019407362Z level=info msg="Executing migration" id="create index IDX_temp_user_status - v2"
logger=migrator t=2026-05-25T15:35:11.019849422Z level=info msg="Migration successfully executed" id="create index IDX_temp_user_status - v2" duration=441.56µs
logger=migrator t=2026-05-25T15:35:11.020550393Z level=info msg="Executing migration" id="copy temp_user v1 to v2"
logger=migrator t=2026-05-25T15:35:11.020861133Z level=info msg="Migration successfully executed" id="copy temp_user v1 to v2" duration=310.52µs
logger=migrator t=2026-05-25T15:35:11.021458153Z level=info msg="Executing migration" id="drop temp_user_tmp_qwerty"
logger=migrator t=2026-05-25T15:35:11.021793463Z level=info msg="Migration successfully executed" id="drop temp_user_tmp_qwerty" duration=334.99µs
logger=migrator t=2026-05-25T15:35:11.022392724Z level=info msg="Executing migration" id="Set created for temp users that will otherwise prematurely expire"
logger=migrator t=2026-05-25T15:35:11.022678444Z level=info msg="Migration successfully executed" id="Set created for temp users that will otherwise prematurely expire" duration=285.59µs
logger=migrator t=2026-05-25T15:35:11.023368674Z level=info msg="Executing migration" id="create star table"
logger=migrator t=2026-05-25T15:35:11.023809264Z level=info msg="Migration successfully executed" id="create star table" duration=440.25µs
logger=migrator t=2026-05-25T15:35:11.024376825Z level=info msg="Executing migration" id="add unique index star.user_id_dashboard_id"
logger=migrator t=2026-05-25T15:35:11.024844895Z level=info msg="Migration successfully executed" id="add unique index star.user_id_dashboard_id" duration=467.79µs
logger=migrator t=2026-05-25T15:35:11.025507066Z level=info msg="Executing migration" id="Add column dashboard_uid in star"
logger=migrator t=2026-05-25T15:35:11.026132746Z level=info msg="Migration successfully executed" id="Add column dashboard_uid in star" duration=625.42µs
logger=migrator t=2026-05-25T15:35:11.026739877Z level=info msg="Executing migration" id="Add column org_id in star"
logger=migrator t=2026-05-25T15:35:11.027296027Z level=info msg="Migration successfully executed" id="Add column org_id in star" duration=555.8µs
logger=migrator t=2026-05-25T15:35:11.027946907Z level=info msg="Executing migration" id="Add column updated in star"
logger=migrator t=2026-05-25T15:35:11.028564497Z level=info msg="Migration successfully executed" id="Add column updated in star" duration=617.61µs
logger=migrator t=2026-05-25T15:35:11.029166538Z level=info msg="Executing migration" id="add index in star table on dashboard_uid, org_id and user_id columns"
logger=migrator t=2026-05-25T15:35:11.029571258Z level=info msg="Migration successfully executed" id="add index in star table on dashboard_uid, org_id and user_id columns" duration=404.46µs
logger=migrator t=2026-05-25T15:35:11.030177628Z level=info msg="Executing migration" id="create org table v1"
logger=migrator t=2026-05-25T15:35:11.030607308Z level=info msg="Migration successfully executed" id="create org table v1" duration=429.6µs
logger=migrator t=2026-05-25T15:35:11.031303509Z level=info msg="Executing migration" id="create index UQE_org_name - v1"
logger=migrator t=2026-05-25T15:35:11.031750749Z level=info msg="Migration successfully executed" id="create index UQE_org_name - v1" duration=446.99µs
logger=migrator t=2026-05-25T15:35:11.03235788Z level=info msg="Executing migration" id="create org_user table v1"
logger=migrator t=2026-05-25T15:35:11.03273838Z level=info msg="Migration successfully executed" id="create org_user table v1" duration=373.7µs
logger=migrator t=2026-05-25T15:35:11.03338553Z level=info msg="Executing migration" id="create index IDX_org_user_org_id - v1"
logger=migrator t=2026-05-25T15:35:11.033766361Z level=info msg="Migration successfully executed" id="create index IDX_org_user_org_id - v1" duration=380.761µs
logger=migrator t=2026-05-25T15:35:11.034384921Z level=info msg="Executing migration" id="create index UQE_org_user_org_id_user_id - v1"
logger=migrator t=2026-05-25T15:35:11.034794611Z level=info msg="Migration successfully executed" id="create index UQE_org_user_org_id_user_id - v1" duration=409.42µs
logger=migrator t=2026-05-25T15:35:11.035502002Z level=info msg="Executing migration" id="create index IDX_org_user_user_id - v1"
logger=migrator t=2026-05-25T15:35:11.035993772Z level=info msg="Migration successfully executed" id="create index IDX_org_user_user_id - v1" duration=491.27µs
logger=migrator t=2026-05-25T15:35:11.036606393Z level=info msg="Executing migration" id="Update org table charset"
logger=migrator t=2026-05-25T15:35:11.036740873Z level=info msg="Migration successfully executed" id="Update org table charset" duration=134.83µs
logger=migrator t=2026-05-25T15:35:11.037334733Z level=info msg="Executing migration" id="Update org_user table charset"
logger=migrator t=2026-05-25T15:35:11.037396883Z level=info msg="Migration successfully executed" id="Update org_user table charset" duration=62.62µs
logger=migrator t=2026-05-25T15:35:11.038032614Z level=info msg="Executing migration" id="Migrate all Read Only Viewers to Viewers"
logger=migrator t=2026-05-25T15:35:11.038145124Z level=info msg="Migration successfully executed" id="Migrate all Read Only Viewers to Viewers" duration=112.76µs
logger=migrator t=2026-05-25T15:35:11.038720814Z level=info msg="Executing migration" id="create dashboard table"
logger=migrator t=2026-05-25T15:35:11.039180444Z level=info msg="Migration successfully executed" id="create dashboard table" duration=452.76µs
logger=migrator t=2026-05-25T15:35:11.039724715Z level=info msg="Executing migration" id="add index dashboard.account_id"
logger=migrator t=2026-05-25T15:35:11.040166215Z level=info msg="Migration successfully executed" id="add index dashboard.account_id" duration=449.09µs
logger=migrator t=2026-05-25T15:35:11.040670745Z level=info msg="Executing migration" id="add unique index dashboard_account_id_slug"
logger=migrator t=2026-05-25T15:35:11.041105055Z level=info msg="Migration successfully executed" id="add unique index dashboard_account_id_slug" duration=434.13µs
logger=migrator t=2026-05-25T15:35:11.041724486Z level=info msg="Executing migration" id="create dashboard_tag table"
logger=migrator t=2026-05-25T15:35:11.042112696Z level=info msg="Migration successfully executed" id="create dashboard_tag table" duration=388.2µs
logger=migrator t=2026-05-25T15:35:11.042771126Z level=info msg="Executing migration" id="add unique index dashboard_tag.dasboard_id_term"
logger=migrator t=2026-05-25T15:35:11.043228796Z level=info msg="Migration successfully executed" id="add unique index dashboard_tag.dasboard_id_term" duration=457.34µs
logger=migrator t=2026-05-25T15:35:11.043868327Z level=info msg="Executing migration" id="drop index UQE_dashboard_tag_dashboard_id_term - v1"
logger=migrator t=2026-05-25T15:35:11.044262107Z level=info msg="Migration successfully executed" id="drop index UQE_dashboard_tag_dashboard_id_term - v1" duration=388.16µs
logger=migrator t=2026-05-25T15:35:11.044781998Z level=info msg="Executing migration" id="Rename table dashboard to dashboard_v1 - v1"
logger=migrator t=2026-05-25T15:35:11.045838498Z level=info msg="Migration successfully executed" id="Rename table dashboard to dashboard_v1 - v1" duration=1.05608ms
logger=migrator t=2026-05-25T15:35:11.046358679Z level=info msg="Executing migration" id="create dashboard v2"
logger=migrator t=2026-05-25T15:35:11.046776669Z level=info msg="Migration successfully executed" id="create dashboard v2" duration=417.67µs
logger=migrator t=2026-05-25T15:35:11.047455089Z level=info msg="Executing migration" id="create index IDX_dashboard_org_id - v2"
logger=migrator t=2026-05-25T15:35:11.04798595Z level=info msg="Migration successfully executed" id="create index IDX_dashboard_org_id - v2" duration=530.831µs
logger=migrator t=2026-05-25T15:35:11.04857538Z level=info msg="Executing migration" id="create index UQE_dashboard_org_id_slug - v2"
logger=migrator t=2026-05-25T15:35:11.04898435Z level=info msg="Migration successfully executed" id="create index UQE_dashboard_org_id_slug - v2" duration=408.86µs
logger=migrator t=2026-05-25T15:35:11.04959021Z level=info msg="Executing migration" id="copy dashboard v1 to v2"
logger=migrator t=2026-05-25T15:35:11.04987739Z level=info msg="Migration successfully executed" id="copy dashboard v1 to v2" duration=286.94µs
logger=migrator t=2026-05-25T15:35:11.050360571Z level=info msg="Executing migration" id="drop table dashboard_v1"
logger=migrator t=2026-05-25T15:35:11.050767531Z level=info msg="Migration successfully executed" id="drop table dashboard_v1" duration=406.77µs
logger=migrator t=2026-05-25T15:35:11.052477932Z level=info msg="Executing migration" id="alter dashboard.data to mediumtext v1"
logger=migrator t=2026-05-25T15:35:11.052602622Z level=info msg="Migration successfully executed" id="alter dashboard.data to mediumtext v1" duration=124.87µs
logger=migrator t=2026-05-25T15:35:11.053290733Z level=info msg="Executing migration" id="Add column updated_by in dashboard - v2"
logger=migrator t=2026-05-25T15:35:11.053940433Z level=info msg="Migration successfully executed" id="Add column updated_by in dashboard - v2" duration=649.42µs
logger=migrator t=2026-05-25T15:35:11.054434683Z level=info msg="Executing migration" id="Add column created_by in dashboard - v2"
logger=migrator t=2026-05-25T15:35:11.055084484Z level=info msg="Migration successfully executed" id="Add column created_by in dashboard - v2" duration=642.831µs
logger=migrator t=2026-05-25T15:35:11.055640124Z level=info msg="Executing migration" id="Add column gnetId in dashboard"
logger=migrator t=2026-05-25T15:35:11.056246234Z level=info msg="Migration successfully executed" id="Add column gnetId in dashboard" duration=605.89µs
logger=migrator t=2026-05-25T15:35:11.056727635Z level=info msg="Executing migration" id="Add index for gnetId in dashboard"
logger=migrator t=2026-05-25T15:35:11.057120945Z level=info msg="Migration successfully executed" id="Add index for gnetId in dashboard" duration=393.02µs
logger=migrator t=2026-05-25T15:35:11.057634325Z level=info msg="Executing migration" id="Add column plugin_id in dashboard"
logger=migrator t=2026-05-25T15:35:11.058274305Z level=info msg="Migration successfully executed" id="Add column plugin_id in dashboard" duration=632.93µs
logger=migrator t=2026-05-25T15:35:11.058760036Z level=info msg="Executing migration" id="Add index for plugin_id in dashboard"
logger=migrator t=2026-05-25T15:35:11.059235606Z level=info msg="Migration successfully executed" id="Add index for plugin_id in dashboard" duration=475.13µs
logger=migrator t=2026-05-25T15:35:11.059728166Z level=info msg="Executing migration" id="Add index for dashboard_id in dashboard_tag"
logger=migrator t=2026-05-25T15:35:11.060158237Z level=info msg="Migration successfully executed" id="Add index for dashboard_id in dashboard_tag" duration=429.811µs
logger=migrator t=2026-05-25T15:35:11.060663677Z level=info msg="Executing migration" id="Update dashboard table charset"
logger=migrator t=2026-05-25T15:35:11.060749457Z level=info msg="Migration successfully executed" id="Update dashboard table charset" duration=85.99µs
logger=migrator t=2026-05-25T15:35:11.061351457Z level=info msg="Executing migration" id="Update dashboard_tag table charset"
logger=migrator t=2026-05-25T15:35:11.061413398Z level=info msg="Migration successfully executed" id="Update dashboard_tag table charset" duration=62.281µs
logger=migrator t=2026-05-25T15:35:11.062002638Z level=info msg="Executing migration" id="Add column folder_id in dashboard"
logger=migrator t=2026-05-25T15:35:11.062658178Z level=info msg="Migration successfully executed" id="Add column folder_id in dashboard" duration=655.13µs
logger=migrator t=2026-05-25T15:35:11.063305979Z level=info msg="Executing migration" id="Add column isFolder in dashboard"
logger=migrator t=2026-05-25T15:35:11.063993429Z level=info msg="Migration successfully executed" id="Add column isFolder in dashboard" duration=687.09µs
logger=migrator t=2026-05-25T15:35:11.064423779Z level=info msg="Executing migration" id="Add column has_acl in dashboard"
logger=migrator t=2026-05-25T15:35:11.06506259Z level=info msg="Migration successfully executed" id="Add column has_acl in dashboard" duration=638.421µs
logger=migrator t=2026-05-25T15:35:11.06554287Z level=info msg="Executing migration" id="Add column uid in dashboard"
logger=migrator t=2026-05-25T15:35:11.06616867Z level=info msg="Migration successfully executed" id="Add column uid in dashboard" duration=625.45µs
logger=migrator t=2026-05-25T15:35:11.06670247Z level=info msg="Executing migration" id="Update uid column values in dashboard"
logger=migrator t=2026-05-25T15:35:11.06684034Z level=info msg="Migration successfully executed" id="Update uid column values in dashboard" duration=145.18µs
logger=migrator t=2026-05-25T15:35:11.067484901Z level=info msg="Executing migration" id="Add unique index dashboard_org_id_uid"
logger=migrator t=2026-05-25T15:35:11.067901791Z level=info msg="Migration successfully executed" id="Add unique index dashboard_org_id_uid" duration=416.65µs
logger=migrator t=2026-05-25T15:35:11.068431402Z level=info msg="Executing migration" id="Remove unique index org_id_slug"
logger=migrator t=2026-05-25T15:35:11.068858372Z level=info msg="Migration successfully executed" id="Remove unique index org_id_slug" duration=426.76µs
logger=migrator t=2026-05-25T15:35:11.069301872Z level=info msg="Executing migration" id="Update dashboard title length"
logger=migrator t=2026-05-25T15:35:11.069438762Z level=info msg="Migration successfully executed" id="Update dashboard title length" duration=137.17µs
logger=migrator t=2026-05-25T15:35:11.070014833Z level=info msg="Executing migration" id="Add unique index for dashboard_org_id_title_folder_id"
logger=migrator t=2026-05-25T15:35:11.070411703Z level=info msg="Migration successfully executed" id="Add unique index for dashboard_org_id_title_folder_id" duration=396.59µs
logger=migrator t=2026-05-25T15:35:11.070970653Z level=info msg="Executing migration" id="create dashboard_provisioning"
logger=migrator t=2026-05-25T15:35:11.071331064Z level=info msg="Migration successfully executed" id="create dashboard_provisioning" duration=360.131µs
logger=migrator t=2026-05-25T15:35:11.071914174Z level=info msg="Executing migration" id="Rename table dashboard_provisioning to dashboard_provisioning_tmp_qwerty - v1"
logger=migrator t=2026-05-25T15:35:11.073112915Z level=info msg="Migration successfully executed" id="Rename table dashboard_provisioning to dashboard_provisioning_tmp_qwerty - v1" duration=1.198301ms
logger=migrator t=2026-05-25T15:35:11.073627225Z level=info msg="Executing migration" id="create dashboard_provisioning v2"
logger=migrator t=2026-05-25T15:35:11.074017216Z level=info msg="Migration successfully executed" id="create dashboard_provisioning v2" duration=389.731µs
logger=migrator t=2026-05-25T15:35:11.074638916Z level=info msg="Executing migration" id="create index IDX_dashboard_provisioning_dashboard_id - v2"
logger=migrator t=2026-05-25T15:35:11.075167346Z level=info msg="Migration successfully executed" id="create index IDX_dashboard_provisioning_dashboard_id - v2" duration=528.46µs
logger=migrator t=2026-05-25T15:35:11.075800497Z level=info msg="Executing migration" id="create index IDX_dashboard_provisioning_dashboard_id_name - v2"
logger=migrator t=2026-05-25T15:35:11.076438187Z level=info msg="Migration successfully executed" id="create index IDX_dashboard_provisioning_dashboard_id_name - v2" duration=637.56µs
logger=migrator t=2026-05-25T15:35:11.077006387Z level=info msg="Executing migration" id="copy dashboard_provisioning v1 to v2"
logger=migrator t=2026-05-25T15:35:11.077470027Z level=info msg="Migration successfully executed" id="copy dashboard_provisioning v1 to v2" duration=463.58µs
logger=migrator t=2026-05-25T15:35:11.077959098Z level=info msg="Executing migration" id="drop dashboard_provisioning_tmp_qwerty"
logger=migrator t=2026-05-25T15:35:11.078299278Z level=info msg="Migration successfully executed" id="drop dashboard_provisioning_tmp_qwerty" duration=340.11µs
logger=migrator t=2026-05-25T15:35:11.078787158Z level=info msg="Executing migration" id="Add check_sum column"
logger=migrator t=2026-05-25T15:35:11.079471859Z level=info msg="Migration successfully executed" id="Add check_sum column" duration=677.771µs
logger=migrator t=2026-05-25T15:35:11.079999019Z level=info msg="Executing migration" id="Add index for dashboard_title"
logger=migrator t=2026-05-25T15:35:11.080431109Z level=info msg="Migration successfully executed" id="Add index for dashboard_title" duration=431.91µs
logger=migrator t=2026-05-25T15:35:11.08091394Z level=info msg="Executing migration" id="delete tags for deleted dashboards"
logger=migrator t=2026-05-25T15:35:11.0810752Z level=info msg="Migration successfully executed" id="delete tags for deleted dashboards" duration=161.32µs
logger=migrator t=2026-05-25T15:35:11.08161795Z level=info msg="Executing migration" id="delete stars for deleted dashboards"
logger=migrator t=2026-05-25T15:35:11.08178993Z level=info msg="Migration successfully executed" id="delete stars for deleted dashboards" duration=171.81µs
logger=migrator t=2026-05-25T15:35:11.082373031Z level=info msg="Executing migration" id="Add index for dashboard_is_folder"
logger=migrator t=2026-05-25T15:35:11.082774121Z level=info msg="Migration successfully executed" id="Add index for dashboard_is_folder" duration=400.72µs
logger=migrator t=2026-05-25T15:35:11.083512341Z level=info msg="Executing migration" id="Add isPublic for dashboard"
logger=migrator t=2026-05-25T15:35:11.084275712Z level=info msg="Migration successfully executed" id="Add isPublic for dashboard" duration=756.031µs
logger=migrator t=2026-05-25T15:35:11.084986862Z level=info msg="Executing migration" id="Add deleted for dashboard"
logger=migrator t=2026-05-25T15:35:11.085690352Z level=info msg="Migration successfully executed" id="Add deleted for dashboard" duration=703.23µs
logger=migrator t=2026-05-25T15:35:11.086172303Z level=info msg="Executing migration" id="Add index for deleted"
logger=migrator t=2026-05-25T15:35:11.086586343Z level=info msg="Migration successfully executed" id="Add index for deleted" duration=413.67µs
logger=migrator t=2026-05-25T15:35:11.087242743Z level=info msg="Executing migration" id="Add column dashboard_uid in dashboard_tag"
logger=migrator t=2026-05-25T15:35:11.088081874Z level=info msg="Migration successfully executed" id="Add column dashboard_uid in dashboard_tag" duration=839.261µs
logger=migrator t=2026-05-25T15:35:11.088690254Z level=info msg="Executing migration" id="Add column org_id in dashboard_tag"
logger=migrator t=2026-05-25T15:35:11.089365385Z level=info msg="Migration successfully executed" id="Add column org_id in dashboard_tag" duration=674.731µs
logger=migrator t=2026-05-25T15:35:11.089909785Z level=info msg="Executing migration" id="Add missing dashboard_uid and org_id to dashboard_tag"
logger=migrator t=2026-05-25T15:35:11.090106105Z level=info msg="Migration successfully executed" id="Add missing dashboard_uid and org_id to dashboard_tag" duration=196.2µs
logger=migrator t=2026-05-25T15:35:11.090703666Z level=info msg="Executing migration" id="Add apiVersion for dashboard"
logger=migrator t=2026-05-25T15:35:11.091525816Z level=info msg="Migration successfully executed" id="Add apiVersion for dashboard" duration=821.75µs
logger=migrator t=2026-05-25T15:35:11.092120716Z level=info msg="Executing migration" id="Add index for dashboard_uid on dashboard_tag table"
logger=migrator t=2026-05-25T15:35:11.092573787Z level=info msg="Migration successfully executed" id="Add index for dashboard_uid on dashboard_tag table" duration=457.631µs
logger=migrator t=2026-05-25T15:35:11.093077167Z level=info msg="Executing migration" id="Add missing dashboard_uid and org_id to star"
logger=migrator t=2026-05-25T15:35:11.093328467Z level=info msg="Migration successfully executed" id="Add missing dashboard_uid and org_id to star" duration=258.34µs
logger=migrator t=2026-05-25T15:35:11.093906457Z level=info msg="Executing migration" id="create data_source table"
logger=migrator t=2026-05-25T15:35:11.094322627Z level=info msg="Migration successfully executed" id="create data_source table" duration=415.89µs
logger=migrator t=2026-05-25T15:35:11.094982538Z level=info msg="Executing migration" id="add index data_source.account_id"
logger=migrator t=2026-05-25T15:35:11.095420078Z level=info msg="Migration successfully executed" id="add index data_source.account_id" duration=437.71µs
logger=migrator t=2026-05-25T15:35:11.096044348Z level=info msg="Executing migration" id="add unique index data_source.account_id_name"
logger=migrator t=2026-05-25T15:35:11.096466209Z level=info msg="Migration successfully executed" id="add unique index data_source.account_id_name" duration=421.651µs
logger=migrator t=2026-05-25T15:35:11.097023299Z level=info msg="Executing migration" id="drop index IDX_data_source_account_id - v1"
logger=migrator t=2026-05-25T15:35:11.09752752Z level=info msg="Migration successfully executed" id="drop index IDX_data_source_account_id - v1" duration=503.981µs
logger=migrator t=2026-05-25T15:35:11.09805802Z level=info msg="Executing migration" id="drop index UQE_data_source_account_id_name - v1"
logger=migrator t=2026-05-25T15:35:11.09844006Z level=info msg="Migration successfully executed" id="drop index UQE_data_source_account_id_name - v1" duration=381.84µs
logger=migrator t=2026-05-25T15:35:11.098970141Z level=info msg="Executing migration" id="Rename table data_source to data_source_v1 - v1"
logger=migrator t=2026-05-25T15:35:11.100172611Z level=info msg="Migration successfully executed" id="Rename table data_source to data_source_v1 - v1" duration=1.20206ms
logger=migrator t=2026-05-25T15:35:11.100750031Z level=info msg="Executing migration" id="create data_source table v2"
logger=migrator t=2026-05-25T15:35:11.101152332Z level=info msg="Migration successfully executed" id="create data_source table v2" duration=401.901µs
logger=migrator t=2026-05-25T15:35:11.101685492Z level=info msg="Executing migration" id="create index IDX_data_source_org_id - v2"
logger=migrator t=2026-05-25T15:35:11.102091992Z level=info msg="Migration successfully executed" id="create index IDX_data_source_org_id - v2" duration=406.23µs
logger=migrator t=2026-05-25T15:35:11.102659792Z level=info msg="Executing migration" id="create index UQE_data_source_org_id_name - v2"
logger=migrator t=2026-05-25T15:35:11.103194383Z level=info msg="Migration successfully executed" id="create index UQE_data_source_org_id_name - v2" duration=534.661µs
logger=migrator t=2026-05-25T15:35:11.103813873Z level=info msg="Executing migration" id="Drop old table data_source_v1 #2"
logger=migrator t=2026-05-25T15:35:11.104196133Z level=info msg="Migration successfully executed" id="Drop old table data_source_v1 #2" duration=382.18µs
logger=migrator t=2026-05-25T15:35:11.104670634Z level=info msg="Executing migration" id="Add column with_credentials"
logger=migrator t=2026-05-25T15:35:11.105404814Z level=info msg="Migration successfully executed" id="Add column with_credentials" duration=733.85µs
logger=migrator t=2026-05-25T15:35:11.105874555Z level=info msg="Executing migration" id="Add secure json data column"
logger=migrator t=2026-05-25T15:35:11.106604945Z level=info msg="Migration successfully executed" id="Add secure json data column" duration=730.01µs
logger=migrator t=2026-05-25T15:35:11.107210425Z level=info msg="Executing migration" id="Update data_source table charset"
logger=migrator t=2026-05-25T15:35:11.107303665Z level=info msg="Migration successfully executed" id="Update data_source table charset" duration=93.44µs
logger=migrator t=2026-05-25T15:35:11.107912176Z level=info msg="Executing migration" id="Update initial version to 1"
logger=migrator t=2026-05-25T15:35:11.108096546Z level=info msg="Migration successfully executed" id="Update initial version to 1" duration=184.3µs
logger=migrator t=2026-05-25T15:35:11.108656766Z level=info msg="Executing migration" id="Add read_only data column"
logger=migrator t=2026-05-25T15:35:11.109384876Z level=info msg="Migration successfully executed" id="Add read_only data column" duration=727.75µs
logger=migrator t=2026-05-25T15:35:11.109852977Z level=info msg="Executing migration" id="Migrate logging ds to loki ds"
logger=migrator t=2026-05-25T15:35:11.110054167Z level=info msg="Migration successfully executed" id="Migrate logging ds to loki ds" duration=201.34µs
logger=migrator t=2026-05-25T15:35:11.110610107Z level=info msg="Executing migration" id="Update json_data with nulls"
logger=migrator t=2026-05-25T15:35:11.110800367Z level=info msg="Migration successfully executed" id="Update json_data with nulls" duration=190.16µs
logger=migrator t=2026-05-25T15:35:11.111447908Z level=info msg="Executing migration" id="Add uid column"
logger=migrator t=2026-05-25T15:35:11.112174598Z level=info msg="Migration successfully executed" id="Add uid column" duration=726.25µs
logger=migrator t=2026-05-25T15:35:11.112652608Z level=info msg="Executing migration" id="Update uid value"
logger=migrator t=2026-05-25T15:35:11.112834679Z level=info msg="Migration successfully executed" id="Update uid value" duration=174.591µs
logger=migrator t=2026-05-25T15:35:11.113395179Z level=info msg="Executing migration" id="Add unique index datasource_org_id_uid"
logger=migrator t=2026-05-25T15:35:11.113832749Z level=info msg="Migration successfully executed" id="Add unique index datasource_org_id_uid" duration=437.24µs
logger=migrator t=2026-05-25T15:35:11.11431398Z level=info msg="Executing migration" id="add unique index datasource_org_id_is_default"
logger=migrator t=2026-05-25T15:35:11.1147131Z level=info msg="Migration successfully executed" id="add unique index datasource_org_id_is_default" duration=398.82µs
logger=migrator t=2026-05-25T15:35:11.11528848Z level=info msg="Executing migration" id="Add is_prunable column"
logger=migrator t=2026-05-25T15:35:11.116001291Z level=info msg="Migration successfully executed" id="Add is_prunable column" duration=712.491µs
logger=migrator t=2026-05-25T15:35:11.116507031Z level=info msg="Executing migration" id="Add api_version column"
logger=migrator t=2026-05-25T15:35:11.117164072Z level=info msg="Migration successfully executed" id="Add api_version column" duration=656.711µs
logger=migrator t=2026-05-25T15:35:11.117651162Z level=info msg="Executing migration" id="Update secure_json_data column to MediumText"
logger=migrator t=2026-05-25T15:35:11.117728102Z level=info msg="Migration successfully executed" id="Update secure_json_data column to MediumText" duration=77.3µs
logger=migrator t=2026-05-25T15:35:11.118332852Z level=info msg="Executing migration" id="Update json_data column to MediumText"
logger=migrator t=2026-05-25T15:35:11.118444113Z level=info msg="Migration successfully executed" id="Update json_data column to MediumText" duration=111.521µs
logger=migrator t=2026-05-25T15:35:11.119007233Z level=info msg="Executing migration" id="create api_key table"
logger=migrator t=2026-05-25T15:35:11.119385673Z level=info msg="Migration successfully executed" id="create api_key table" duration=370.35µs
logger=migrator t=2026-05-25T15:35:11.119902153Z level=info msg="Executing migration" id="add index api_key.account_id"
logger=migrator t=2026-05-25T15:35:11.120324694Z level=info msg="Migration successfully executed" id="add index api_key.account_id" duration=415.741µs
logger=migrator t=2026-05-25T15:35:11.120863004Z level=info msg="Executing migration" id="add index api_key.key"
logger=migrator t=2026-05-25T15:35:11.121215014Z level=info msg="Migration successfully executed" id="add index api_key.key" duration=351.85µs
logger=migrator t=2026-05-25T15:35:11.121786114Z level=info msg="Executing migration" id="add index api_key.account_id_name"
logger=migrator t=2026-05-25T15:35:11.122105454Z level=info msg="Migration successfully executed" id="add index api_key.account_id_name" duration=318.86µs
logger=migrator t=2026-05-25T15:35:11.122658175Z level=info msg="Executing migration" id="drop index IDX_api_key_account_id - v1"
logger=migrator t=2026-05-25T15:35:11.123052915Z level=info msg="Migration successfully executed" id="drop index IDX_api_key_account_id - v1" duration=394.5µs
logger=migrator t=2026-05-25T15:35:11.123560725Z level=info msg="Executing migration" id="drop index UQE_api_key_key - v1"
logger=migrator t=2026-05-25T15:35:11.123978206Z level=info msg="Migration successfully executed" id="drop index UQE_api_key_key - v1" duration=417.191µs
logger=migrator t=2026-05-25T15:35:11.124413026Z level=info msg="Executing migration" id="drop index UQE_api_key_account_id_name - v1"
logger=migrator t=2026-05-25T15:35:11.124797236Z level=info msg="Migration successfully executed" id="drop index UQE_api_key_account_id_name - v1" duration=383.9µs
logger=migrator t=2026-05-25T15:35:11.125291897Z level=info msg="Executing migration" id="Rename table api_key to api_key_v1 - v1"
logger=migrator t=2026-05-25T15:35:11.126568667Z level=info msg="Migration successfully executed" id="Rename table api_key to api_key_v1 - v1" duration=1.27634ms
logger=migrator t=2026-05-25T15:35:11.127139398Z level=info msg="Executing migration" id="create api_key table v2"
logger=migrator t=2026-05-25T15:35:11.127458848Z level=info msg="Migration successfully executed" id="create api_key table v2" duration=319.19µs
logger=migrator t=2026-05-25T15:35:11.127976808Z level=info msg="Executing migration" id="create index IDX_api_key_org_id - v2"
logger=migrator t=2026-05-25T15:35:11.128358498Z level=info msg="Migration successfully executed" id="create index IDX_api_key_org_id - v2" duration=381.39µs
logger=migrator t=2026-05-25T15:35:11.128872419Z level=info msg="Executing migration" id="create index UQE_api_key_key - v2"
logger=migrator t=2026-05-25T15:35:11.129283609Z level=info msg="Migration successfully executed" id="create index UQE_api_key_key - v2" duration=411.01µs
logger=migrator t=2026-05-25T15:35:11.129775709Z level=info msg="Executing migration" id="create index UQE_api_key_org_id_name - v2"
logger=migrator t=2026-05-25T15:35:11.130161619Z level=info msg="Migration successfully executed" id="create index UQE_api_key_org_id_name - v2" duration=393.52µs
logger=migrator t=2026-05-25T15:35:11.13071859Z level=info msg="Executing migration" id="copy api_key v1 to v2"
logger=migrator t=2026-05-25T15:35:11.13098494Z level=info msg="Migration successfully executed" id="copy api_key v1 to v2" duration=265.79µs
logger=migrator t=2026-05-25T15:35:11.13153732Z level=info msg="Executing migration" id="Drop old table api_key_v1"
logger=migrator t=2026-05-25T15:35:11.13196428Z level=info msg="Migration successfully executed" id="Drop old table api_key_v1" duration=426.52µs
logger=migrator t=2026-05-25T15:35:11.133009291Z level=info msg="Executing migration" id="Update api_key table charset"
logger=migrator t=2026-05-25T15:35:11.133122091Z level=info msg="Migration successfully executed" id="Update api_key table charset" duration=113.32µs
logger=migrator t=2026-05-25T15:35:11.133954112Z level=info msg="Executing migration" id="Add expires to api_key table"
logger=migrator t=2026-05-25T15:35:11.134632602Z level=info msg="Migration successfully executed" id="Add expires to api_key table" duration=678.24µs
logger=migrator t=2026-05-25T15:35:11.135282303Z level=info msg="Executing migration" id="Add service account foreign key"
logger=migrator t=2026-05-25T15:35:11.135935353Z level=info msg="Migration successfully executed" id="Add service account foreign key" duration=652.54µs
logger=migrator t=2026-05-25T15:35:11.136430753Z level=info msg="Executing migration" id="set service account foreign key to nil if 0"
logger=migrator t=2026-05-25T15:35:11.136596353Z level=info msg="Migration successfully executed" id="set service account foreign key to nil if 0" duration=165.35µs
logger=migrator t=2026-05-25T15:35:11.137200314Z level=info msg="Executing migration" id="Add last_used_at to api_key table"
logger=migrator t=2026-05-25T15:35:11.137878524Z level=info msg="Migration successfully executed" id="Add last_used_at to api_key table" duration=677.91µs
logger=migrator t=2026-05-25T15:35:11.138392834Z level=info msg="Executing migration" id="Add is_revoked column to api_key table"
logger=migrator t=2026-05-25T15:35:11.139054054Z level=info msg="Migration successfully executed" id="Add is_revoked column to api_key table" duration=668.43µs
logger=migrator t=2026-05-25T15:35:11.139658075Z level=info msg="Executing migration" id="create dashboard_snapshot table v4"
logger=migrator t=2026-05-25T15:35:11.139984935Z level=info msg="Migration successfully executed" id="create dashboard_snapshot table v4" duration=326.61µs
logger=migrator t=2026-05-25T15:35:11.140525006Z level=info msg="Executing migration" id="drop table dashboard_snapshot_v4 #1"
logger=migrator t=2026-05-25T15:35:11.140821936Z level=info msg="Migration successfully executed" id="drop table dashboard_snapshot_v4 #1" duration=303.07µs
logger=migrator t=2026-05-25T15:35:11.141366996Z level=info msg="Executing migration" id="create dashboard_snapshot table v5 #2"
logger=migrator t=2026-05-25T15:35:11.141734986Z level=info msg="Migration successfully executed" id="create dashboard_snapshot table v5 #2" duration=367.73µs
logger=migrator t=2026-05-25T15:35:11.142236277Z level=info msg="Executing migration" id="create index UQE_dashboard_snapshot_key - v5"
logger=migrator t=2026-05-25T15:35:11.142630047Z level=info msg="Migration successfully executed" id="create index UQE_dashboard_snapshot_key - v5" duration=393.43µs
logger=migrator t=2026-05-25T15:35:11.143278547Z level=info msg="Executing migration" id="create index UQE_dashboard_snapshot_delete_key - v5"
logger=migrator t=2026-05-25T15:35:11.143684668Z level=info msg="Migration successfully executed" id="create index UQE_dashboard_snapshot_delete_key - v5" duration=405.791µs
logger=migrator t=2026-05-25T15:35:11.144273788Z level=info msg="Executing migration" id="create index IDX_dashboard_snapshot_user_id - v5"
logger=migrator t=2026-05-25T15:35:11.144620878Z level=info msg="Migration successfully executed" id="create index IDX_dashboard_snapshot_user_id - v5" duration=346.74µs
logger=migrator t=2026-05-25T15:35:11.145200318Z level=info msg="Executing migration" id="alter dashboard_snapshot to mediumtext v2"
logger=migrator t=2026-05-25T15:35:11.145272228Z level=info msg="Migration successfully executed" id="alter dashboard_snapshot to mediumtext v2" duration=64.99µs
logger=migrator t=2026-05-25T15:35:11.145876379Z level=info msg="Executing migration" id="Update dashboard_snapshot table charset"
logger=migrator t=2026-05-25T15:35:11.146022539Z level=info msg="Migration successfully executed" id="Update dashboard_snapshot table charset" duration=146.53µs
logger=migrator t=2026-05-25T15:35:11.146580009Z level=info msg="Executing migration" id="Add column external_delete_url to dashboard_snapshots table"
logger=migrator t=2026-05-25T15:35:11.147279439Z level=info msg="Migration successfully executed" id="Add column external_delete_url to dashboard_snapshots table" duration=698.98µs
logger=migrator t=2026-05-25T15:35:11.14779837Z level=info msg="Executing migration" id="Add encrypted dashboard json column"
logger=migrator t=2026-05-25T15:35:11.14843397Z level=info msg="Migration successfully executed" id="Add encrypted dashboard json column" duration=635.36µs
logger=migrator t=2026-05-25T15:35:11.148935371Z level=info msg="Executing migration" id="Change dashboard_encrypted column to MEDIUMBLOB"
logger=migrator t=2026-05-25T15:35:11.148988671Z level=info msg="Migration successfully executed" id="Change dashboard_encrypted column to MEDIUMBLOB" duration=53.76µs
logger=migrator t=2026-05-25T15:35:11.149616151Z level=info msg="Executing migration" id="create quota table v1"
logger=migrator t=2026-05-25T15:35:11.149908851Z level=info msg="Migration successfully executed" id="create quota table v1" duration=292.44µs
logger=migrator t=2026-05-25T15:35:11.150472452Z level=info msg="Executing migration" id="create index UQE_quota_org_id_user_id_target - v1"
logger=migrator t=2026-05-25T15:35:11.150851452Z level=info msg="Migration successfully executed" id="create index UQE_quota_org_id_user_id_target - v1" duration=378.79µs
logger=migrator t=2026-05-25T15:35:11.151452812Z level=info msg="Executing migration" id="Update quota table charset"
logger=migrator t=2026-05-25T15:35:11.151551652Z level=info msg="Migration successfully executed" id="Update quota table charset" duration=99.12µs
logger=migrator t=2026-05-25T15:35:11.152123173Z level=info msg="Executing migration" id="create plugin_setting table"
logger=migrator t=2026-05-25T15:35:11.152469823Z level=info msg="Migration successfully executed" id="create plugin_setting table" duration=346.35µs
logger=migrator t=2026-05-25T15:35:11.153111044Z level=info msg="Executing migration" id="create index UQE_plugin_setting_org_id_plugin_id - v1"
logger=migrator t=2026-05-25T15:35:11.153442814Z level=info msg="Migration successfully executed" id="create index UQE_plugin_setting_org_id_plugin_id - v1" duration=331.51µs
logger=migrator t=2026-05-25T15:35:11.154037564Z level=info msg="Executing migration" id="Add column plugin_version to plugin_settings"
logger=migrator t=2026-05-25T15:35:11.154715145Z level=info msg="Migration successfully executed" id="Add column plugin_version to plugin_settings" duration=674.401µs
logger=migrator t=2026-05-25T15:35:11.155309355Z level=info msg="Executing migration" id="Update plugin_setting table charset"
logger=migrator t=2026-05-25T15:35:11.155434235Z level=info msg="Migration successfully executed" id="Update plugin_setting table charset" duration=125.3µs
logger=migrator t=2026-05-25T15:35:11.155981365Z level=info msg="Executing migration" id="update NULL org_id to 1"
logger=migrator t=2026-05-25T15:35:11.156150545Z level=info msg="Migration successfully executed" id="update NULL org_id to 1" duration=168.92µs
logger=migrator t=2026-05-25T15:35:11.156689506Z level=info msg="Executing migration" id="make org_id NOT NULL and DEFAULT VALUE 1"
logger=migrator t=2026-05-25T15:35:11.158599317Z level=info msg="Migration successfully executed" id="make org_id NOT NULL and DEFAULT VALUE 1" duration=1.909461ms
logger=migrator t=2026-05-25T15:35:11.159274807Z level=info msg="Executing migration" id="create session table"
logger=migrator t=2026-05-25T15:35:11.159709377Z level=info msg="Migration successfully executed" id="create session table" duration=434.34µs
logger=migrator t=2026-05-25T15:35:11.160330018Z level=info msg="Executing migration" id="drop preferences table v2"
logger=migrator t=2026-05-25T15:35:11.160430998Z level=info msg="Migration successfully executed" id="drop preferences table v2" duration=101.17µs
logger=migrator t=2026-05-25T15:35:11.161073248Z level=info msg="Executing migration" id="drop preferences table v3"
logger=migrator t=2026-05-25T15:35:11.161164838Z level=info msg="Migration successfully executed" id="drop preferences table v3" duration=91.61µs
logger=migrator t=2026-05-25T15:35:11.161710959Z level=info msg="Executing migration" id="create preferences table v3"
logger=migrator t=2026-05-25T15:35:11.162023159Z level=info msg="Migration successfully executed" id="create preferences table v3" duration=311.91µs
logger=migrator t=2026-05-25T15:35:11.162665899Z level=info msg="Executing migration" id="Update preferences table charset"
logger=migrator t=2026-05-25T15:35:11.1627935Z level=info msg="Migration successfully executed" id="Update preferences table charset" duration=128.141µs
logger=migrator t=2026-05-25T15:35:11.16347952Z level=info msg="Executing migration" id="Add column team_id in preferences"
logger=migrator t=2026-05-25T15:35:11.1641651Z level=info msg="Migration successfully executed" id="Add column team_id in preferences" duration=685.35µs
logger=migrator t=2026-05-25T15:35:11.16463421Z level=info msg="Executing migration" id="Update team_id column values in preferences"
logger=migrator t=2026-05-25T15:35:11.164776811Z level=info msg="Migration successfully executed" id="Update team_id column values in preferences" duration=142.691µs
logger=migrator t=2026-05-25T15:35:11.165364811Z level=info msg="Executing migration" id="Add column week_start in preferences"
logger=migrator t=2026-05-25T15:35:11.166020731Z level=info msg="Migration successfully executed" id="Add column week_start in preferences" duration=655.49µs
logger=migrator t=2026-05-25T15:35:11.166507381Z level=info msg="Executing migration" id="Add column preferences.json_data"
logger=migrator t=2026-05-25T15:35:11.167187132Z level=info msg="Migration successfully executed" id="Add column preferences.json_data" duration=679.971µs
logger=migrator t=2026-05-25T15:35:11.167747282Z level=info msg="Executing migration" id="alter preferences.json_data to mediumtext v1"
logger=migrator t=2026-05-25T15:35:11.167858222Z level=info msg="Migration successfully executed" id="alter preferences.json_data to mediumtext v1" duration=111.26µs
logger=migrator t=2026-05-25T15:35:11.168409393Z level=info msg="Executing migration" id="Add preferences index org_id"
logger=migrator t=2026-05-25T15:35:11.168775503Z level=info msg="Migration successfully executed" id="Add preferences index org_id" duration=357.29µs
logger=migrator t=2026-05-25T15:35:11.169331953Z level=info msg="Executing migration" id="Add preferences index user_id"
logger=migrator t=2026-05-25T15:35:11.169726044Z level=info msg="Migration successfully executed" id="Add preferences index user_id" duration=393.821µs
logger=migrator t=2026-05-25T15:35:11.172316195Z level=info msg="Executing migration" id="Add home_dashboard_uid column to preferences table"
logger=migrator t=2026-05-25T15:35:11.173400246Z level=info msg="Migration successfully executed" id="Add home_dashboard_uid column to preferences table" duration=1.086311ms
logger=migrator t=2026-05-25T15:35:11.173963806Z level=info msg="Executing migration" id="Add missing dashboard_uid to preferences table"
logger=migrator t=2026-05-25T15:35:11.174125316Z level=info msg="Migration successfully executed" id="Add missing dashboard_uid to preferences table" duration=161.31µs
logger=migrator t=2026-05-25T15:35:11.174804636Z level=info msg="Executing migration" id="create alert table v1"
logger=migrator t=2026-05-25T15:35:11.175309987Z level=info msg="Migration successfully executed" id="create alert table v1" duration=504.571µs
logger=migrator t=2026-05-25T15:35:11.175990407Z level=info msg="Executing migration" id="add index alert org_id & id "
logger=migrator t=2026-05-25T15:35:11.176371917Z level=info msg="Migration successfully executed" id="add index alert org_id & id " duration=381.25µs
logger=migrator t=2026-05-25T15:35:11.177058858Z level=info msg="Executing migration" id="add index alert state"
logger=migrator t=2026-05-25T15:35:11.177592048Z level=info msg="Migration successfully executed" id="add index alert state" duration=533.12µs
logger=migrator t=2026-05-25T15:35:11.178563299Z level=info msg="Executing migration" id="add index alert dashboard_id"
logger=migrator t=2026-05-25T15:35:11.178919099Z level=info msg="Migration successfully executed" id="add index alert dashboard_id" duration=355.56µs
logger=migrator t=2026-05-25T15:35:11.179555399Z level=info msg="Executing migration" id="Create alert_rule_tag table v1"
logger=migrator t=2026-05-25T15:35:11.17985711Z level=info msg="Migration successfully executed" id="Create alert_rule_tag table v1" duration=301.471µs
logger=migrator t=2026-05-25T15:35:11.18042914Z level=info msg="Executing migration" id="Add unique index alert_rule_tag.alert_id_tag_id"
logger=migrator t=2026-05-25T15:35:11.18083105Z level=info msg="Migration successfully executed" id="Add unique index alert_rule_tag.alert_id_tag_id" duration=401.85µs
logger=migrator t=2026-05-25T15:35:11.18135468Z level=info msg="Executing migration" id="drop index UQE_alert_rule_tag_alert_id_tag_id - v1"
logger=migrator t=2026-05-25T15:35:11.181741841Z level=info msg="Migration successfully executed" id="drop index UQE_alert_rule_tag_alert_id_tag_id - v1" duration=387.081µs
logger=migrator t=2026-05-25T15:35:11.182224481Z level=info msg="Executing migration" id="Rename table alert_rule_tag to alert_rule_tag_v1 - v1"
logger=migrator t=2026-05-25T15:35:11.183875332Z level=info msg="Migration successfully executed" id="Rename table alert_rule_tag to alert_rule_tag_v1 - v1" duration=1.650761ms
logger=migrator t=2026-05-25T15:35:11.184704912Z level=info msg="Executing migration" id="Create alert_rule_tag table v2"
logger=migrator t=2026-05-25T15:35:11.185043093Z level=info msg="Migration successfully executed" id="Create alert_rule_tag table v2" duration=337.391µs
logger=migrator t=2026-05-25T15:35:11.185769643Z level=info msg="Executing migration" id="create index UQE_alert_rule_tag_alert_id_tag_id - Add unique index alert_rule_tag.alert_id_tag_id V2"
logger=migrator t=2026-05-25T15:35:11.186141433Z level=info msg="Migration successfully executed" id="create index UQE_alert_rule_tag_alert_id_tag_id - Add unique index alert_rule_tag.alert_id_tag_id V2" duration=371.29µs
logger=migrator t=2026-05-25T15:35:11.186771014Z level=info msg="Executing migration" id="copy alert_rule_tag v1 to v2"
logger=migrator t=2026-05-25T15:35:11.187097524Z level=info msg="Migration successfully executed" id="copy alert_rule_tag v1 to v2" duration=326.37µs
logger=migrator t=2026-05-25T15:35:11.187670564Z level=info msg="Executing migration" id="drop table alert_rule_tag_v1"
logger=migrator t=2026-05-25T15:35:11.188018505Z level=info msg="Migration successfully executed" id="drop table alert_rule_tag_v1" duration=347.841µs
logger=migrator t=2026-05-25T15:35:11.188559825Z level=info msg="Executing migration" id="create alert_notification table v1"
logger=migrator t=2026-05-25T15:35:11.188935795Z level=info msg="Migration successfully executed" id="create alert_notification table v1" duration=368.28µs
logger=migrator t=2026-05-25T15:35:11.189510976Z level=info msg="Executing migration" id="Add column is_default"
logger=migrator t=2026-05-25T15:35:11.190309816Z level=info msg="Migration successfully executed" id="Add column is_default" duration=798.69µs
logger=migrator t=2026-05-25T15:35:11.190848267Z level=info msg="Executing migration" id="Add column frequency"
logger=migrator t=2026-05-25T15:35:11.191640807Z level=info msg="Migration successfully executed" id="Add column frequency" duration=800.44µs
logger=migrator t=2026-05-25T15:35:11.192251257Z level=info msg="Executing migration" id="Add column send_reminder"
logger=migrator t=2026-05-25T15:35:11.193085088Z level=info msg="Migration successfully executed" id="Add column send_reminder" duration=833.651µs
logger=migrator t=2026-05-25T15:35:11.193613408Z level=info msg="Executing migration" id="Add column disable_resolve_message"
logger=migrator t=2026-05-25T15:35:11.194413788Z level=info msg="Migration successfully executed" id="Add column disable_resolve_message" duration=800.11µs
logger=migrator t=2026-05-25T15:35:11.194967859Z level=info msg="Executing migration" id="add index alert_notification org_id & name"
logger=migrator t=2026-05-25T15:35:11.195422889Z level=info msg="Migration successfully executed" id="add index alert_notification org_id & name" duration=454.82µs
logger=migrator t=2026-05-25T15:35:11.196028849Z level=info msg="Executing migration" id="Update alert table charset"
logger=migrator t=2026-05-25T15:35:11.19611769Z level=info msg="Migration successfully executed" id="Update alert table charset" duration=89.141µs
logger=migrator t=2026-05-25T15:35:11.19673964Z level=info msg="Executing migration" id="Update alert_notification table charset"
logger=migrator t=2026-05-25T15:35:11.19687406Z level=info msg="Migration successfully executed" id="Update alert_notification table charset" duration=134.77µs
logger=migrator t=2026-05-25T15:35:11.197743311Z level=info msg="Executing migration" id="create notification_journal table v1"
logger=migrator t=2026-05-25T15:35:11.198089731Z level=info msg="Migration successfully executed" id="create notification_journal table v1" duration=349.87µs
logger=migrator t=2026-05-25T15:35:11.198667781Z level=info msg="Executing migration" id="add index notification_journal org_id & alert_id & notifier_id"
logger=migrator t=2026-05-25T15:35:11.199082682Z level=info msg="Migration successfully executed" id="add index notification_journal org_id & alert_id & notifier_id" duration=414.971µs
logger=migrator t=2026-05-25T15:35:11.199744692Z level=info msg="Executing migration" id="drop alert_notification_journal"
logger=migrator t=2026-05-25T15:35:11.200163412Z level=info msg="Migration successfully executed" id="drop alert_notification_journal" duration=418.42µs
logger=migrator t=2026-05-25T15:35:11.200693412Z level=info msg="Executing migration" id="create alert_notification_state table v1"
logger=migrator t=2026-05-25T15:35:11.201028023Z level=info msg="Migration successfully executed" id="create alert_notification_state table v1" duration=334.351µs
logger=migrator t=2026-05-25T15:35:11.201551503Z level=info msg="Executing migration" id="add index alert_notification_state org_id & alert_id & notifier_id"
logger=migrator t=2026-05-25T15:35:11.201954123Z level=info msg="Migration successfully executed" id="add index alert_notification_state org_id & alert_id & notifier_id" duration=402.15µs
logger=migrator t=2026-05-25T15:35:11.202513623Z level=info msg="Executing migration" id="Add for to alert table"
logger=migrator t=2026-05-25T15:35:11.203269324Z level=info msg="Migration successfully executed" id="Add for to alert table" duration=755.411µs
logger=migrator t=2026-05-25T15:35:11.203843304Z level=info msg="Executing migration" id="Add column uid in alert_notification"
logger=migrator t=2026-05-25T15:35:11.204589375Z level=info msg="Migration successfully executed" id="Add column uid in alert_notification" duration=737.531µs
logger=migrator t=2026-05-25T15:35:11.205125945Z level=info msg="Executing migration" id="Update uid column values in alert_notification"
logger=migrator t=2026-05-25T15:35:11.205324405Z level=info msg="Migration successfully executed" id="Update uid column values in alert_notification" duration=198.52µs
logger=migrator t=2026-05-25T15:35:11.205922626Z level=info msg="Executing migration" id="Add unique index alert_notification_org_id_uid"
logger=migrator t=2026-05-25T15:35:11.206282036Z level=info msg="Migration successfully executed" id="Add unique index alert_notification_org_id_uid" duration=359.47µs
logger=migrator t=2026-05-25T15:35:11.206910936Z level=info msg="Executing migration" id="Remove unique index org_id_name"
logger=migrator t=2026-05-25T15:35:11.207328307Z level=info msg="Migration successfully executed" id="Remove unique index org_id_name" duration=417.151µs
logger=migrator t=2026-05-25T15:35:11.207974297Z level=info msg="Executing migration" id="Add column secure_settings in alert_notification"
logger=migrator t=2026-05-25T15:35:11.208740957Z level=info msg="Migration successfully executed" id="Add column secure_settings in alert_notification" duration=766.47µs
logger=migrator t=2026-05-25T15:35:11.209261377Z level=info msg="Executing migration" id="alter alert.settings to mediumtext"
logger=migrator t=2026-05-25T15:35:11.209340807Z level=info msg="Migration successfully executed" id="alter alert.settings to mediumtext" duration=79.49µs
logger=migrator t=2026-05-25T15:35:11.211063228Z level=info msg="Executing migration" id="Add non-unique index alert_notification_state_alert_id"
logger=migrator t=2026-05-25T15:35:11.211505489Z level=info msg="Migration successfully executed" id="Add non-unique index alert_notification_state_alert_id" duration=442.131µs
logger=migrator t=2026-05-25T15:35:11.212341489Z level=info msg="Executing migration" id="Add non-unique index alert_rule_tag_alert_id"
logger=migrator t=2026-05-25T15:35:11.2127121Z level=info msg="Migration successfully executed" id="Add non-unique index alert_rule_tag_alert_id" duration=370.241µs
logger=migrator t=2026-05-25T15:35:11.21330353Z level=info msg="Executing migration" id="Drop old annotation table v4"
logger=migrator t=2026-05-25T15:35:11.21344872Z level=info msg="Migration successfully executed" id="Drop old annotation table v4" duration=153.32µs
logger=migrator t=2026-05-25T15:35:11.214113201Z level=info msg="Executing migration" id="create annotation table v5"
logger=migrator t=2026-05-25T15:35:11.214457681Z level=info msg="Migration successfully executed" id="create annotation table v5" duration=343.73µs
logger=migrator t=2026-05-25T15:35:11.215081131Z level=info msg="Executing migration" id="add index annotation 0 v3"
logger=migrator t=2026-05-25T15:35:11.215485671Z level=info msg="Migration successfully executed" id="add index annotation 0 v3" duration=404.28µs
logger=migrator t=2026-05-25T15:35:11.216121842Z level=info msg="Executing migration" id="add index annotation 1 v3"
logger=migrator t=2026-05-25T15:35:11.216569152Z level=info msg="Migration successfully executed" id="add index annotation 1 v3" duration=439.8µs
logger=migrator t=2026-05-25T15:35:11.217152922Z level=info msg="Executing migration" id="add index annotation 2 v3"
logger=migrator t=2026-05-25T15:35:11.217523552Z level=info msg="Migration successfully executed" id="add index annotation 2 v3" duration=370.36µs
logger=migrator t=2026-05-25T15:35:11.218118623Z level=info msg="Executing migration" id="add index annotation 3 v3"
logger=migrator t=2026-05-25T15:35:11.218568053Z level=info msg="Migration successfully executed" id="add index annotation 3 v3" duration=438.69µs
logger=migrator t=2026-05-25T15:35:11.219361433Z level=info msg="Executing migration" id="add index annotation 4 v3"
logger=migrator t=2026-05-25T15:35:11.219780034Z level=info msg="Migration successfully executed" id="add index annotation 4 v3" duration=418.561µs
logger=migrator t=2026-05-25T15:35:11.220393574Z level=info msg="Executing migration" id="Update annotation table charset"
logger=migrator t=2026-05-25T15:35:11.220471394Z level=info msg="Migration successfully executed" id="Update annotation table charset" duration=78.24µs
logger=migrator t=2026-05-25T15:35:11.221091635Z level=info msg="Executing migration" id="Add column region_id to annotation table"
logger=migrator t=2026-05-25T15:35:11.222021285Z level=info msg="Migration successfully executed" id="Add column region_id to annotation table" duration=929.29µs
logger=migrator t=2026-05-25T15:35:11.222469296Z level=info msg="Executing migration" id="Drop category_id index"
logger=migrator t=2026-05-25T15:35:11.222892746Z level=info msg="Migration successfully executed" id="Drop category_id index" duration=416.21µs
logger=migrator t=2026-05-25T15:35:11.223544296Z level=info msg="Executing migration" id="Add column tags to annotation table"
logger=migrator t=2026-05-25T15:35:11.224402217Z level=info msg="Migration successfully executed" id="Add column tags to annotation table" duration=857.601µs
logger=migrator t=2026-05-25T15:35:11.225011917Z level=info msg="Executing migration" id="Create annotation_tag table v2"
logger=migrator t=2026-05-25T15:35:11.225339428Z level=info msg="Migration successfully executed" id="Create annotation_tag table v2" duration=327.151µs
logger=migrator t=2026-05-25T15:35:11.225938998Z level=info msg="Executing migration" id="Add unique index annotation_tag.annotation_id_tag_id"
logger=migrator t=2026-05-25T15:35:11.226381568Z level=info msg="Migration successfully executed" id="Add unique index annotation_tag.annotation_id_tag_id" duration=442.27µs
logger=migrator t=2026-05-25T15:35:11.227061369Z level=info msg="Executing migration" id="drop index UQE_annotation_tag_annotation_id_tag_id - v2"
logger=migrator t=2026-05-25T15:35:11.227475939Z level=info msg="Migration successfully executed" id="drop index UQE_annotation_tag_annotation_id_tag_id - v2" duration=414.38µs
logger=migrator t=2026-05-25T15:35:11.228060689Z level=info msg="Executing migration" id="Rename table annotation_tag to annotation_tag_v2 - v2"
logger=migrator t=2026-05-25T15:35:11.22976626Z level=info msg="Migration successfully executed" id="Rename table annotation_tag to annotation_tag_v2 - v2" duration=1.705461ms
logger=migrator t=2026-05-25T15:35:11.23030109Z level=info msg="Executing migration" id="Create annotation_tag table v3"
logger=migrator t=2026-05-25T15:35:11.230683151Z level=info msg="Migration successfully executed" id="Create annotation_tag table v3" duration=381.761µs
logger=migrator t=2026-05-25T15:35:11.231320071Z level=info msg="Executing migration" id="create index UQE_annotation_tag_annotation_id_tag_id - Add unique index annotation_tag.annotation_id_tag_id V3"
logger=migrator t=2026-05-25T15:35:11.231763551Z level=info msg="Migration successfully executed" id="create index UQE_annotation_tag_annotation_id_tag_id - Add unique index annotation_tag.annotation_id_tag_id V3" duration=443.14µs
logger=migrator t=2026-05-25T15:35:11.232397522Z level=info msg="Executing migration" id="copy annotation_tag v2 to v3"
logger=migrator t=2026-05-25T15:35:11.232667562Z level=info msg="Migration successfully executed" id="copy annotation_tag v2 to v3" duration=269.88µs
logger=migrator t=2026-05-25T15:35:11.233258402Z level=info msg="Executing migration" id="drop table annotation_tag_v2"
logger=migrator t=2026-05-25T15:35:11.233562123Z level=info msg="Migration successfully executed" id="drop table annotation_tag_v2" duration=358.371µs
logger=migrator t=2026-05-25T15:35:11.234094143Z level=info msg="Executing migration" id="Update alert annotations and set TEXT to empty"
logger=migrator t=2026-05-25T15:35:11.234218013Z level=info msg="Migration successfully executed" id="Update alert annotations and set TEXT to empty" duration=123.51µs
logger=migrator t=2026-05-25T15:35:11.234777583Z level=info msg="Executing migration" id="Add created time to annotation table"
logger=migrator t=2026-05-25T15:35:11.235647844Z level=info msg="Migration successfully executed" id="Add created time to annotation table" duration=873.841µs
logger=migrator t=2026-05-25T15:35:11.236219254Z level=info msg="Executing migration" id="Add updated time to annotation table"
logger=migrator t=2026-05-25T15:35:11.237027015Z level=info msg="Migration successfully executed" id="Add updated time to annotation table" duration=807.271µs
logger=migrator t=2026-05-25T15:35:11.237565895Z level=info msg="Executing migration" id="Add index for created in annotation table"
logger=migrator t=2026-05-25T15:35:11.237980195Z level=info msg="Migration successfully executed" id="Add index for created in annotation table" duration=413.63µs
logger=migrator t=2026-05-25T15:35:11.238534085Z level=info msg="Executing migration" id="Add index for updated in annotation table"
logger=migrator t=2026-05-25T15:35:11.238861155Z level=info msg="Migration successfully executed" id="Add index for updated in annotation table" duration=331.65µs
logger=migrator t=2026-05-25T15:35:11.239487366Z level=info msg="Executing migration" id="Convert existing annotations from seconds to milliseconds"
logger=migrator t=2026-05-25T15:35:11.239673346Z level=info msg="Migration successfully executed" id="Convert existing annotations from seconds to milliseconds" duration=185.95µs
logger=migrator t=2026-05-25T15:35:11.240295656Z level=info msg="Executing migration" id="Add epoch_end column"
logger=migrator t=2026-05-25T15:35:11.241151237Z level=info msg="Migration successfully executed" id="Add epoch_end column" duration=855.141µs
logger=migrator t=2026-05-25T15:35:11.241654067Z level=info msg="Executing migration" id="Add index for epoch_end"
logger=migrator t=2026-05-25T15:35:11.242035758Z level=info msg="Migration successfully executed" id="Add index for epoch_end" duration=381.381µs
logger=migrator t=2026-05-25T15:35:11.242624648Z level=info msg="Executing migration" id="Make epoch_end the same as epoch"
logger=migrator t=2026-05-25T15:35:11.242782408Z level=info msg="Migration successfully executed" id="Make epoch_end the same as epoch" duration=157.72µs
logger=migrator t=2026-05-25T15:35:11.243497259Z level=info msg="Executing migration" id="Move region to single row"
logger=migrator t=2026-05-25T15:35:11.243707869Z level=info msg="Migration successfully executed" id="Move region to single row" duration=210.44µs
logger=migrator t=2026-05-25T15:35:11.244314919Z level=info msg="Executing migration" id="Remove index org_id_epoch from annotation table"
logger=migrator t=2026-05-25T15:35:11.244664629Z level=info msg="Migration successfully executed" id="Remove index org_id_epoch from annotation table" duration=349.44µs
logger=migrator t=2026-05-25T15:35:11.245213759Z level=info msg="Executing migration" id="Remove index org_id_dashboard_id_panel_id_epoch from annotation table"
logger=migrator t=2026-05-25T15:35:11.24561676Z level=info msg="Migration successfully executed" id="Remove index org_id_dashboard_id_panel_id_epoch from annotation table" duration=402.781µs
logger=migrator t=2026-05-25T15:35:11.24614593Z level=info msg="Executing migration" id="Add index for org_id_dashboard_id_epoch_end_epoch on annotation table"
logger=migrator t=2026-05-25T15:35:11.24649614Z level=info msg="Migration successfully executed" id="Add index for org_id_dashboard_id_epoch_end_epoch on annotation table" duration=349.96µs
logger=migrator t=2026-05-25T15:35:11.247401561Z level=info msg="Executing migration" id="Add index for org_id_epoch_end_epoch on annotation table"
logger=migrator t=2026-05-25T15:35:11.247992781Z level=info msg="Migration successfully executed" id="Add index for org_id_epoch_end_epoch on annotation table" duration=579.45µs
logger=migrator t=2026-05-25T15:35:11.248973342Z level=info msg="Executing migration" id="Remove index org_id_epoch_epoch_end from annotation table"
logger=migrator t=2026-05-25T15:35:11.249297012Z level=info msg="Migration successfully executed" id="Remove index org_id_epoch_epoch_end from annotation table" duration=323.54µs
logger=migrator t=2026-05-25T15:35:11.249767392Z level=info msg="Executing migration" id="Add index for alert_id on annotation table"
logger=migrator t=2026-05-25T15:35:11.250091392Z level=info msg="Migration successfully executed" id="Add index for alert_id on annotation table" duration=323.85µs
logger=migrator t=2026-05-25T15:35:11.250582523Z level=info msg="Executing migration" id="Increase tags column to length 4096"
logger=migrator t=2026-05-25T15:35:11.250714843Z level=info msg="Migration successfully executed" id="Increase tags column to length 4096" duration=132.21µs
logger=migrator t=2026-05-25T15:35:11.251418303Z level=info msg="Executing migration" id="Increase prev_state column to length 40 not null"
logger=migrator t=2026-05-25T15:35:11.251503313Z level=info msg="Migration successfully executed" id="Increase prev_state column to length 40 not null" duration=85.06µs
logger=migrator t=2026-05-25T15:35:11.252120814Z level=info msg="Executing migration" id="Increase new_state column to length 40 not null"
logger=migrator t=2026-05-25T15:35:11.252226064Z level=info msg="Migration successfully executed" id="Increase new_state column to length 40 not null" duration=105.65µs
logger=migrator t=2026-05-25T15:35:11.252964444Z level=info msg="Executing migration" id="Add dashboard_uid column to annotation table"
logger=migrator t=2026-05-25T15:35:11.253793674Z level=info msg="Migration successfully executed" id="Add dashboard_uid column to annotation table" duration=829.08µs
logger=migrator t=2026-05-25T15:35:11.254301145Z level=info msg="Executing migration" id="Add missing dashboard_uid to annotation table"
logger=migrator t=2026-05-25T15:35:11.254429365Z level=info msg="Starting batched dashboard_uid migration for annotations (newest first)" batchSize=5000
logger=migrator t=2026-05-25T15:35:11.254791885Z level=info msg="Completed dashboard_uid migration for annotations" totalUpdated=0
logger=migrator t=2026-05-25T15:35:11.254880445Z level=info msg="Migration successfully executed" id="Add missing dashboard_uid to annotation table" duration=579.38µs
logger=migrator t=2026-05-25T15:35:11.255608165Z level=info msg="Executing migration" id="create test_data table"
logger=migrator t=2026-05-25T15:35:11.255956026Z level=info msg="Migration successfully executed" id="create test_data table" duration=347.681µs
logger=migrator t=2026-05-25T15:35:11.256581966Z level=info msg="Executing migration" id="create dashboard_version table v1"
logger=migrator t=2026-05-25T15:35:11.256966206Z level=info msg="Migration successfully executed" id="create dashboard_version table v1" duration=383.99µs
logger=migrator t=2026-05-25T15:35:11.257560407Z level=info msg="Executing migration" id="add index dashboard_version.dashboard_id"
logger=migrator t=2026-05-25T15:35:11.257973857Z level=info msg="Migration successfully executed" id="add index dashboard_version.dashboard_id" duration=413.13µs
logger=migrator t=2026-05-25T15:35:11.258560388Z level=info msg="Executing migration" id="add unique index dashboard_version.dashboard_id and dashboard_version.version"
logger=migrator t=2026-05-25T15:35:11.259073338Z level=info msg="Migration successfully executed" id="add unique index dashboard_version.dashboard_id and dashboard_version.version" duration=512.76µs
logger=migrator t=2026-05-25T15:35:11.259740178Z level=info msg="Executing migration" id="Set dashboard version to 1 where 0"
logger=migrator t=2026-05-25T15:35:11.259890038Z level=info msg="Migration successfully executed" id="Set dashboard version to 1 where 0" duration=149.7µs
logger=migrator t=2026-05-25T15:35:11.260488489Z level=info msg="Executing migration" id="save existing dashboard data in dashboard_version table v1"
logger=migrator t=2026-05-25T15:35:11.260742699Z level=info msg="Migration successfully executed" id="save existing dashboard data in dashboard_version table v1" duration=253.97µs
logger=migrator t=2026-05-25T15:35:11.261258249Z level=info msg="Executing migration" id="alter dashboard_version.data to mediumtext v1"
logger=migrator t=2026-05-25T15:35:11.26140363Z level=info msg="Migration successfully executed" id="alter dashboard_version.data to mediumtext v1" duration=145.711µs
logger=migrator t=2026-05-25T15:35:11.26203287Z level=info msg="Executing migration" id="Add apiVersion for dashboard_version"
logger=migrator t=2026-05-25T15:35:11.262908701Z level=info msg="Migration successfully executed" id="Add apiVersion for dashboard_version" duration=874.991µs
logger=migrator t=2026-05-25T15:35:11.263526041Z level=info msg="Executing migration" id="create team table"
logger=migrator t=2026-05-25T15:35:11.263926821Z level=info msg="Migration successfully executed" id="create team table" duration=400.66µs
logger=migrator t=2026-05-25T15:35:11.264592671Z level=info msg="Executing migration" id="add index team.org_id"
logger=migrator t=2026-05-25T15:35:11.265033062Z level=info msg="Migration successfully executed" id="add index team.org_id" duration=433.001µs
logger=migrator t=2026-05-25T15:35:11.265564012Z level=info msg="Executing migration" id="add unique index team_org_id_name"
logger=migrator t=2026-05-25T15:35:11.265888872Z level=info msg="Migration successfully executed" id="add unique index team_org_id_name" duration=324.47µs
logger=migrator t=2026-05-25T15:35:11.266480312Z level=info msg="Executing migration" id="Add column uid in team"
logger=migrator t=2026-05-25T15:35:11.267376793Z level=info msg="Migration successfully executed" id="Add column uid in team" duration=895.811µs
logger=migrator t=2026-05-25T15:35:11.267957783Z level=info msg="Executing migration" id="Update uid column values in team"
logger=migrator t=2026-05-25T15:35:11.268104293Z level=info msg="Migration successfully executed" id="Update uid column values in team" duration=146.73µs
logger=migrator t=2026-05-25T15:35:11.268709464Z level=info msg="Executing migration" id="Add unique index team_org_id_uid"
logger=migrator t=2026-05-25T15:35:11.269138504Z level=info msg="Migration successfully executed" id="Add unique index team_org_id_uid" duration=428.34µs
logger=migrator t=2026-05-25T15:35:11.269779105Z level=info msg="Executing migration" id="Add column external_uid in team"
logger=migrator t=2026-05-25T15:35:11.270520265Z level=info msg="Migration successfully executed" id="Add column external_uid in team" duration=740.91µs
logger=migrator t=2026-05-25T15:35:11.271065386Z level=info msg="Executing migration" id="Add column is_provisioned in team"
logger=migrator t=2026-05-25T15:35:11.271940096Z level=info msg="Migration successfully executed" id="Add column is_provisioned in team" duration=874.35µs
logger=migrator t=2026-05-25T15:35:11.272561066Z level=info msg="Executing migration" id="create team member table"
logger=migrator t=2026-05-25T15:35:11.272966456Z level=info msg="Migration successfully executed" id="create team member table" duration=410.15µs
logger=migrator t=2026-05-25T15:35:11.273564137Z level=info msg="Executing migration" id="add index team_member.org_id"
logger=migrator t=2026-05-25T15:35:11.273984687Z level=info msg="Migration successfully executed" id="add index team_member.org_id" duration=420µs
logger=migrator t=2026-05-25T15:35:11.274565987Z level=info msg="Executing migration" id="add unique index team_member_org_id_team_id_user_id"
logger=migrator t=2026-05-25T15:35:11.275011607Z level=info msg="Migration successfully executed" id="add unique index team_member_org_id_team_id_user_id" duration=445.29µs
logger=migrator t=2026-05-25T15:35:11.275690308Z level=info msg="Executing migration" id="add index team_member.team_id"
logger=migrator t=2026-05-25T15:35:11.276092798Z level=info msg="Migration successfully executed" id="add index team_member.team_id" duration=406.48µs
logger=migrator t=2026-05-25T15:35:11.276702059Z level=info msg="Executing migration" id="Add column email to team table"
logger=migrator t=2026-05-25T15:35:11.277514039Z level=info msg="Migration successfully executed" id="Add column email to team table" duration=804.34µs
logger=migrator t=2026-05-25T15:35:11.27799349Z level=info msg="Executing migration" id="Add column external to team_member table"
logger=migrator t=2026-05-25T15:35:11.27880286Z level=info msg="Migration successfully executed" id="Add column external to team_member table" duration=809.18µs
logger=migrator t=2026-05-25T15:35:11.27949527Z level=info msg="Executing migration" id="Add column permission to team_member table"
logger=migrator t=2026-05-25T15:35:11.280346461Z level=info msg="Migration successfully executed" id="Add column permission to team_member table" duration=852.201µs
logger=migrator t=2026-05-25T15:35:11.280880841Z level=info msg="Executing migration" id="add unique index team_member_user_id_org_id"
logger=migrator t=2026-05-25T15:35:11.281294801Z level=info msg="Migration successfully executed" id="add unique index team_member_user_id_org_id" duration=413.16µs
logger=migrator t=2026-05-25T15:35:11.281988292Z level=info msg="Executing migration" id="Add column uid in team_member"
logger=migrator t=2026-05-25T15:35:11.282849012Z level=info msg="Migration successfully executed" id="Add column uid in team_member" duration=860.13µs
logger=migrator t=2026-05-25T15:35:11.283484663Z level=info msg="Executing migration" id="Update uid column values in team_member"
logger=migrator t=2026-05-25T15:35:11.283699053Z level=info msg="Migration successfully executed" id="Update uid column values in team_member" duration=214.34µs
logger=migrator t=2026-05-25T15:35:11.285423094Z level=info msg="Executing migration" id="Add unique index team_member_uid"
logger=migrator t=2026-05-25T15:35:11.285853704Z level=info msg="Migration successfully executed" id="Add unique index team_member_uid" duration=430.42µs
logger=migrator t=2026-05-25T15:35:11.286657255Z level=info msg="Executing migration" id="create dashboard acl table"
logger=migrator t=2026-05-25T15:35:11.287157485Z level=info msg="Migration successfully executed" id="create dashboard acl table" duration=499.54µs
logger=migrator t=2026-05-25T15:35:11.287819965Z level=info msg="Executing migration" id="add index dashboard_acl_dashboard_id"
logger=migrator t=2026-05-25T15:35:11.288350756Z level=info msg="Migration successfully executed" id="add index dashboard_acl_dashboard_id" duration=530.231µs
logger=migrator t=2026-05-25T15:35:11.289042886Z level=info msg="Executing migration" id="add unique index dashboard_acl_dashboard_id_user_id"
logger=migrator t=2026-05-25T15:35:11.289466836Z level=info msg="Migration successfully executed" id="add unique index dashboard_acl_dashboard_id_user_id" duration=423.64µs
logger=migrator t=2026-05-25T15:35:11.290113806Z level=info msg="Executing migration" id="add unique index dashboard_acl_dashboard_id_team_id"
logger=migrator t=2026-05-25T15:35:11.290495077Z level=info msg="Migration successfully executed" id="add unique index dashboard_acl_dashboard_id_team_id" duration=380.751µs
logger=migrator t=2026-05-25T15:35:11.291170437Z level=info msg="Executing migration" id="add index dashboard_acl_user_id"
logger=migrator t=2026-05-25T15:35:11.291619967Z level=info msg="Migration successfully executed" id="add index dashboard_acl_user_id" duration=449.07µs
logger=migrator t=2026-05-25T15:35:11.292245838Z level=info msg="Executing migration" id="add index dashboard_acl_team_id"
logger=migrator t=2026-05-25T15:35:11.292663818Z level=info msg="Migration successfully executed" id="add index dashboard_acl_team_id" duration=417.91µs
logger=migrator t=2026-05-25T15:35:11.293305469Z level=info msg="Executing migration" id="add index dashboard_acl_org_id_role"
logger=migrator t=2026-05-25T15:35:11.293696239Z level=info msg="Migration successfully executed" id="add index dashboard_acl_org_id_role" duration=393.92µs
logger=migrator t=2026-05-25T15:35:11.294331779Z level=info msg="Executing migration" id="add index dashboard_permission"
logger=migrator t=2026-05-25T15:35:11.29479168Z level=info msg="Migration successfully executed" id="add index dashboard_permission" duration=459.801µs
logger=migrator t=2026-05-25T15:35:11.29555021Z level=info msg="Executing migration" id="save default acl rules in dashboard_acl table"
logger=migrator t=2026-05-25T15:35:11.2959806Z level=info msg="Migration successfully executed" id="save default acl rules in dashboard_acl table" duration=429.92µs
logger=migrator t=2026-05-25T15:35:11.296606241Z level=info msg="Executing migration" id="delete acl rules for deleted dashboards and folders"
logger=migrator t=2026-05-25T15:35:11.296777981Z level=info msg="Migration successfully executed" id="delete acl rules for deleted dashboards and folders" duration=170.69µs
logger=migrator t=2026-05-25T15:35:11.297370271Z level=info msg="Executing migration" id="create tag table"
logger=migrator t=2026-05-25T15:35:11.297710412Z level=info msg="Migration successfully executed" id="create tag table" duration=340.391µs
logger=migrator t=2026-05-25T15:35:11.298278312Z level=info msg="Executing migration" id="add index tag.key_value"
logger=migrator t=2026-05-25T15:35:11.298693042Z level=info msg="Migration successfully executed" id="add index tag.key_value" duration=414.48µs
logger=migrator t=2026-05-25T15:35:11.299360853Z level=info msg="Executing migration" id="create login attempt table"
logger=migrator t=2026-05-25T15:35:11.299673313Z level=info msg="Migration successfully executed" id="create login attempt table" duration=312µs
logger=migrator t=2026-05-25T15:35:11.300277703Z level=info msg="Executing migration" id="add index login_attempt.username"
logger=migrator t=2026-05-25T15:35:11.300677563Z level=info msg="Migration successfully executed" id="add index login_attempt.username" duration=399.65µs
logger=migrator t=2026-05-25T15:35:11.301364134Z level=info msg="Executing migration" id="drop index IDX_login_attempt_username - v1"
logger=migrator t=2026-05-25T15:35:11.301751004Z level=info msg="Migration successfully executed" id="drop index IDX_login_attempt_username - v1" duration=386.69µs
logger=migrator t=2026-05-25T15:35:11.302326124Z level=info msg="Executing migration" id="Rename table login_attempt to login_attempt_tmp_qwerty - v1"
logger=migrator t=2026-05-25T15:35:11.304447386Z level=info msg="Migration successfully executed" id="Rename table login_attempt to login_attempt_tmp_qwerty - v1" duration=2.121202ms
logger=migrator t=2026-05-25T15:35:11.305094416Z level=info msg="Executing migration" id="create login_attempt v2"
logger=migrator t=2026-05-25T15:35:11.305539796Z level=info msg="Migration successfully executed" id="create login_attempt v2" duration=444.94µs
logger=migrator t=2026-05-25T15:35:11.306079367Z level=info msg="Executing migration" id="create index IDX_login_attempt_username - v2"
logger=migrator t=2026-05-25T15:35:11.306504157Z level=info msg="Migration successfully executed" id="create index IDX_login_attempt_username - v2" duration=431.58µs
logger=migrator t=2026-05-25T15:35:11.307226568Z level=info msg="Executing migration" id="copy login_attempt v1 to v2"
logger=migrator t=2026-05-25T15:35:11.307527928Z level=info msg="Migration successfully executed" id="copy login_attempt v1 to v2" duration=301.04µs
logger=migrator t=2026-05-25T15:35:11.308185818Z level=info msg="Executing migration" id="drop login_attempt_tmp_qwerty"
logger=migrator t=2026-05-25T15:35:11.308542418Z level=info msg="Migration successfully executed" id="drop login_attempt_tmp_qwerty" duration=356.56µs
logger=migrator t=2026-05-25T15:35:11.309105268Z level=info msg="Executing migration" id="increase login_attempt.ip_address column length for IPv6 support"
logger=migrator t=2026-05-25T15:35:11.309183368Z level=info msg="Migration successfully executed" id="increase login_attempt.ip_address column length for IPv6 support" duration=78.07µs
logger=migrator t=2026-05-25T15:35:11.309743189Z level=info msg="Executing migration" id="alter table login_attempt alter column created type to bigint"
logger=migrator t=2026-05-25T15:35:11.309921569Z level=info msg="Migration successfully executed" id="alter table login_attempt alter column created type to bigint" duration=178.61µs
logger=migrator t=2026-05-25T15:35:11.310464049Z level=info msg="Executing migration" id="create user auth table"
logger=migrator t=2026-05-25T15:35:11.310794459Z level=info msg="Migration successfully executed" id="create user auth table" duration=330.23µs
logger=migrator t=2026-05-25T15:35:11.3114019Z level=info msg="Executing migration" id="create index IDX_user_auth_auth_module_auth_id - v1"
logger=migrator t=2026-05-25T15:35:11.31187875Z level=info msg="Migration successfully executed" id="create index IDX_user_auth_auth_module_auth_id - v1" duration=476.35µs
logger=migrator t=2026-05-25T15:35:11.31257891Z level=info msg="Executing migration" id="alter user_auth.auth_id to length 190"
logger=migrator t=2026-05-25T15:35:11.312682791Z level=info msg="Migration successfully executed" id="alter user_auth.auth_id to length 190" duration=100.131µs
logger=migrator t=2026-05-25T15:35:11.313328711Z level=info msg="Executing migration" id="Add OAuth access token to user_auth"
logger=migrator t=2026-05-25T15:35:11.314188982Z level=info msg="Migration successfully executed" id="Add OAuth access token to user_auth" duration=860.051µs
logger=migrator t=2026-05-25T15:35:11.314685552Z level=info msg="Executing migration" id="Add OAuth refresh token to user_auth"
logger=migrator t=2026-05-25T15:35:11.315634912Z level=info msg="Migration successfully executed" id="Add OAuth refresh token to user_auth" duration=949.11µs
logger=migrator t=2026-05-25T15:35:11.316214113Z level=info msg="Executing migration" id="Add OAuth token type to user_auth"
logger=migrator t=2026-05-25T15:35:11.317237753Z level=info msg="Migration successfully executed" id="Add OAuth token type to user_auth" duration=1.02295ms
logger=migrator t=2026-05-25T15:35:11.317786314Z level=info msg="Executing migration" id="Add OAuth expiry to user_auth"
logger=migrator t=2026-05-25T15:35:11.318805074Z level=info msg="Migration successfully executed" id="Add OAuth expiry to user_auth" duration=1.01851ms
logger=migrator t=2026-05-25T15:35:11.319605395Z level=info msg="Executing migration" id="Add index to user_id column in user_auth"
logger=migrator t=2026-05-25T15:35:11.320034865Z level=info msg="Migration successfully executed" id="Add index to user_id column in user_auth" duration=437.12µs
logger=migrator t=2026-05-25T15:35:11.320703955Z level=info msg="Executing migration" id="Add OAuth ID token to user_auth"
logger=migrator t=2026-05-25T15:35:11.321575696Z level=info msg="Migration successfully executed" id="Add OAuth ID token to user_auth" duration=871.601µs
logger=migrator t=2026-05-25T15:35:11.322111366Z level=info msg="Executing migration" id="Add user_unique_id to user_auth"
logger=migrator t=2026-05-25T15:35:11.323199577Z level=info msg="Migration successfully executed" id="Add user_unique_id to user_auth" duration=1.087811ms
logger=migrator t=2026-05-25T15:35:11.323834957Z level=info msg="Executing migration" id="Add user_uid to user_auth"
logger=migrator t=2026-05-25T15:35:11.324795018Z level=info msg="Migration successfully executed" id="Add user_uid to user_auth" duration=959.571µs
logger=migrator t=2026-05-25T15:35:11.326147388Z level=info msg="Executing migration" id="Populate user_uid in user_auth from user table"
logger=migrator t=2026-05-25T15:35:11.326545519Z level=info msg="Migration successfully executed" id="Populate user_uid in user_auth from user table" duration=399.641µs
logger=migrator t=2026-05-25T15:35:11.32793618Z level=info msg="Executing migration" id="create server_lock table"
logger=migrator t=2026-05-25T15:35:11.32834794Z level=info msg="Migration successfully executed" id="create server_lock table" duration=412.18µs
logger=migrator t=2026-05-25T15:35:11.3292467Z level=info msg="Executing migration" id="add index server_lock.operation_uid"
logger=migrator t=2026-05-25T15:35:11.329772391Z level=info msg="Migration successfully executed" id="add index server_lock.operation_uid" duration=525.751µs
logger=migrator t=2026-05-25T15:35:11.330567821Z level=info msg="Executing migration" id="create user auth token table"
logger=migrator t=2026-05-25T15:35:11.330922642Z level=info msg="Migration successfully executed" id="create user auth token table" duration=354.721µs
logger=migrator t=2026-05-25T15:35:11.331621882Z level=info msg="Executing migration" id="add unique index user_auth_token.auth_token"
logger=migrator t=2026-05-25T15:35:11.332111183Z level=info msg="Migration successfully executed" id="add unique index user_auth_token.auth_token" duration=489.021µs
logger=migrator t=2026-05-25T15:35:11.332766543Z level=info msg="Executing migration" id="add unique index user_auth_token.prev_auth_token"
logger=migrator t=2026-05-25T15:35:11.333194213Z level=info msg="Migration successfully executed" id="add unique index user_auth_token.prev_auth_token" duration=427.52µs
logger=migrator t=2026-05-25T15:35:11.333843474Z level=info msg="Executing migration" id="add index user_auth_token.user_id"
logger=migrator t=2026-05-25T15:35:11.334279094Z level=info msg="Migration successfully executed" id="add index user_auth_token.user_id" duration=435.9µs
logger=migrator t=2026-05-25T15:35:11.334933705Z level=info msg="Executing migration" id="Add revoked_at to the user auth token"
logger=migrator t=2026-05-25T15:35:11.336288175Z level=info msg="Migration successfully executed" id="Add revoked_at to the user auth token" duration=1.35473ms
logger=migrator t=2026-05-25T15:35:11.337074756Z level=info msg="Executing migration" id="add index user_auth_token.revoked_at"
logger=migrator t=2026-05-25T15:35:11.337509466Z level=info msg="Migration successfully executed" id="add index user_auth_token.revoked_at" duration=434.46µs
logger=migrator t=2026-05-25T15:35:11.338166156Z level=info msg="Executing migration" id="add external_session_id to user_auth_token"
logger=migrator t=2026-05-25T15:35:11.339164217Z level=info msg="Migration successfully executed" id="add external_session_id to user_auth_token" duration=998.501µs
logger=migrator t=2026-05-25T15:35:11.339795877Z level=info msg="Executing migration" id="create cache_data table"
logger=migrator t=2026-05-25T15:35:11.340195267Z level=info msg="Migration successfully executed" id="create cache_data table" duration=399.33µs
logger=migrator t=2026-05-25T15:35:11.340776418Z level=info msg="Executing migration" id="add unique index cache_data.cache_key"
logger=migrator t=2026-05-25T15:35:11.341210588Z level=info msg="Migration successfully executed" id="add unique index cache_data.cache_key" duration=441.57µs
logger=migrator t=2026-05-25T15:35:11.341798898Z level=info msg="Executing migration" id="create short_url table v1"
logger=migrator t=2026-05-25T15:35:11.342136429Z level=info msg="Migration successfully executed" id="create short_url table v1" duration=337.021µs
logger=migrator t=2026-05-25T15:35:11.342767219Z level=info msg="Executing migration" id="add index short_url.org_id-uid"
logger=migrator t=2026-05-25T15:35:11.343184109Z level=info msg="Migration successfully executed" id="add index short_url.org_id-uid" duration=415.74µs
logger=migrator t=2026-05-25T15:35:11.34385411Z level=info msg="Executing migration" id="alter table short_url alter column created_by type to bigint"
logger=migrator t=2026-05-25T15:35:11.34394031Z level=info msg="Migration successfully executed" id="alter table short_url alter column created_by type to bigint" duration=86.45µs
logger=migrator t=2026-05-25T15:35:11.34460614Z level=info msg="Executing migration" id="delete alert_definition table"
logger=migrator t=2026-05-25T15:35:11.34480073Z level=info msg="Migration successfully executed" id="delete alert_definition table" duration=186.21µs
logger=migrator t=2026-05-25T15:35:11.34537159Z level=info msg="Executing migration" id="recreate alert_definition table"
logger=migrator t=2026-05-25T15:35:11.345757741Z level=info msg="Migration successfully executed" id="recreate alert_definition table" duration=385.891µs
logger=migrator t=2026-05-25T15:35:11.346367411Z level=info msg="Executing migration" id="add index in alert_definition on org_id and title columns"
logger=migrator t=2026-05-25T15:35:11.346804491Z level=info msg="Migration successfully executed" id="add index in alert_definition on org_id and title columns" duration=436.66µs
logger=migrator t=2026-05-25T15:35:11.347464172Z level=info msg="Executing migration" id="add index in alert_definition on org_id and uid columns"
logger=migrator t=2026-05-25T15:35:11.347822952Z level=info msg="Migration successfully executed" id="add index in alert_definition on org_id and uid columns" duration=358.76µs
logger=migrator t=2026-05-25T15:35:11.348444812Z level=info msg="Executing migration" id="alter alert_definition table data column to mediumtext in mysql"
logger=migrator t=2026-05-25T15:35:11.348531572Z level=info msg="Migration successfully executed" id="alter alert_definition table data column to mediumtext in mysql" duration=87.17µs
logger=migrator t=2026-05-25T15:35:11.349173993Z level=info msg="Executing migration" id="drop index in alert_definition on org_id and title columns"
logger=migrator t=2026-05-25T15:35:11.349616763Z level=info msg="Migration successfully executed" id="drop index in alert_definition on org_id and title columns" duration=442.49µs
logger=migrator t=2026-05-25T15:35:11.350131943Z level=info msg="Executing migration" id="drop index in alert_definition on org_id and uid columns"
logger=migrator t=2026-05-25T15:35:11.350541814Z level=info msg="Migration successfully executed" id="drop index in alert_definition on org_id and uid columns" duration=402.691µs
logger=migrator t=2026-05-25T15:35:11.351200064Z level=info msg="Executing migration" id="add unique index in alert_definition on org_id and title columns"
logger=migrator t=2026-05-25T15:35:11.351669724Z level=info msg="Migration successfully executed" id="add unique index in alert_definition on org_id and title columns" duration=469.2µs
logger=migrator t=2026-05-25T15:35:11.352395995Z level=info msg="Executing migration" id="add unique index in alert_definition on org_id and uid columns"
logger=migrator t=2026-05-25T15:35:11.352766705Z level=info msg="Migration successfully executed" id="add unique index in alert_definition on org_id and uid columns" duration=378.68µs
logger=migrator t=2026-05-25T15:35:11.353365055Z level=info msg="Executing migration" id="Add column paused in alert_definition"
logger=migrator t=2026-05-25T15:35:11.354369696Z level=info msg="Migration successfully executed" id="Add column paused in alert_definition" duration=1.004501ms
logger=migrator t=2026-05-25T15:35:11.354962326Z level=info msg="Executing migration" id="drop alert_definition table"
logger=migrator t=2026-05-25T15:35:11.355414696Z level=info msg="Migration successfully executed" id="drop alert_definition table" duration=451.89µs
logger=migrator t=2026-05-25T15:35:11.355989997Z level=info msg="Executing migration" id="delete alert_definition_version table"
logger=migrator t=2026-05-25T15:35:11.356169137Z level=info msg="Migration successfully executed" id="delete alert_definition_version table" duration=179.05µs
logger=migrator t=2026-05-25T15:35:11.356787587Z level=info msg="Executing migration" id="recreate alert_definition_version table"
logger=migrator t=2026-05-25T15:35:11.357203628Z level=info msg="Migration successfully executed" id="recreate alert_definition_version table" duration=415.781µs
logger=migrator t=2026-05-25T15:35:11.357749808Z level=info msg="Executing migration" id="add index in alert_definition_version table on alert_definition_id and version columns"
logger=migrator t=2026-05-25T15:35:11.358125208Z level=info msg="Migration successfully executed" id="add index in alert_definition_version table on alert_definition_id and version columns" duration=375.1µs
logger=migrator t=2026-05-25T15:35:11.358697869Z level=info msg="Executing migration" id="add index in alert_definition_version table on alert_definition_uid and version columns"
logger=migrator t=2026-05-25T15:35:11.359118769Z level=info msg="Migration successfully executed" id="add index in alert_definition_version table on alert_definition_uid and version columns" duration=420.39µs
logger=migrator t=2026-05-25T15:35:11.359763029Z level=info msg="Executing migration" id="alter alert_definition_version table data column to mediumtext in mysql"
logger=migrator t=2026-05-25T15:35:11.359842579Z level=info msg="Migration successfully executed" id="alter alert_definition_version table data column to mediumtext in mysql" duration=79.92µs
logger=migrator t=2026-05-25T15:35:11.3607203Z level=info msg="Executing migration" id="drop alert_definition_version table"
logger=migrator t=2026-05-25T15:35:11.3611916Z level=info msg="Migration successfully executed" id="drop alert_definition_version table" duration=470.94µs
logger=migrator t=2026-05-25T15:35:11.36172707Z level=info msg="Executing migration" id="create alert_instance table"
logger=migrator t=2026-05-25T15:35:11.36215076Z level=info msg="Migration successfully executed" id="create alert_instance table" duration=423.45µs
logger=migrator t=2026-05-25T15:35:11.362660621Z level=info msg="Executing migration" id="add index in alert_instance table on def_org_id, def_uid and current_state columns"
logger=migrator t=2026-05-25T15:35:11.363054481Z level=info msg="Migration successfully executed" id="add index in alert_instance table on def_org_id, def_uid and current_state columns" duration=381.41µs
logger=migrator t=2026-05-25T15:35:11.363676691Z level=info msg="Executing migration" id="add index in alert_instance table on def_org_id, current_state columns"
logger=migrator t=2026-05-25T15:35:11.364120702Z level=info msg="Migration successfully executed" id="add index in alert_instance table on def_org_id, current_state columns" duration=443.661µs
logger=migrator t=2026-05-25T15:35:11.364790022Z level=info msg="Executing migration" id="add column current_state_end to alert_instance"
logger=migrator t=2026-05-25T15:35:11.365816723Z level=info msg="Migration successfully executed" id="add column current_state_end to alert_instance" duration=1.019741ms
logger=migrator t=2026-05-25T15:35:11.366354323Z level=info msg="Executing migration" id="remove index def_org_id, def_uid, current_state on alert_instance"
logger=migrator t=2026-05-25T15:35:11.366774683Z level=info msg="Migration successfully executed" id="remove index def_org_id, def_uid, current_state on alert_instance" duration=420.06µs
logger=migrator t=2026-05-25T15:35:11.367482654Z level=info msg="Executing migration" id="remove index def_org_id, current_state on alert_instance"
logger=migrator t=2026-05-25T15:35:11.367963484Z level=info msg="Migration successfully executed" id="remove index def_org_id, current_state on alert_instance" duration=478.65µs
logger=migrator t=2026-05-25T15:35:11.368480624Z level=info msg="Executing migration" id="rename def_org_id to rule_org_id in alert_instance"
logger=migrator t=2026-05-25T15:35:11.372389677Z level=info msg="Migration successfully executed" id="rename def_org_id to rule_org_id in alert_instance" duration=3.908723ms
logger=migrator t=2026-05-25T15:35:11.372984397Z level=info msg="Executing migration" id="rename def_uid to rule_uid in alert_instance"
logger=migrator t=2026-05-25T15:35:11.3768205Z level=info msg="Migration successfully executed" id="rename def_uid to rule_uid in alert_instance" duration=3.829473ms
logger=migrator t=2026-05-25T15:35:11.37747732Z level=info msg="Executing migration" id="add index rule_org_id, rule_uid, current_state on alert_instance"
logger=migrator t=2026-05-25T15:35:11.37787261Z level=info msg="Migration successfully executed" id="add index rule_org_id, rule_uid, current_state on alert_instance" duration=395.27µs
logger=migrator t=2026-05-25T15:35:11.378989061Z level=info msg="Executing migration" id="add index rule_org_id, current_state on alert_instance"
logger=migrator t=2026-05-25T15:35:11.379540442Z level=info msg="Migration successfully executed" id="add index rule_org_id, current_state on alert_instance" duration=551.251µs
logger=migrator t=2026-05-25T15:35:11.380391432Z level=info msg="Executing migration" id="add current_reason column related to current_state"
logger=migrator t=2026-05-25T15:35:11.381539722Z level=info msg="Migration successfully executed" id="add current_reason column related to current_state" duration=1.148ms
logger=migrator t=2026-05-25T15:35:11.382013173Z level=info msg="Executing migration" id="add result_fingerprint column to alert_instance"
logger=migrator t=2026-05-25T15:35:11.383068523Z level=info msg="Migration successfully executed" id="add result_fingerprint column to alert_instance" duration=1.05506ms
logger=migrator t=2026-05-25T15:35:11.383668924Z level=info msg="Executing migration" id="create alert_rule table"
logger=migrator t=2026-05-25T15:35:11.384073044Z level=info msg="Migration successfully executed" id="create alert_rule table" duration=403.83µs
logger=migrator t=2026-05-25T15:35:11.384730804Z level=info msg="Executing migration" id="add index in alert_rule on org_id and title columns"
logger=migrator t=2026-05-25T15:35:11.385158615Z level=info msg="Migration successfully executed" id="add index in alert_rule on org_id and title columns" duration=427.261µs
logger=migrator t=2026-05-25T15:35:11.385795705Z level=info msg="Executing migration" id="add index in alert_rule on org_id and uid columns"
logger=migrator t=2026-05-25T15:35:11.386203555Z level=info msg="Migration successfully executed" id="add index in alert_rule on org_id and uid columns" duration=407.58µs
logger=migrator t=2026-05-25T15:35:11.386815006Z level=info msg="Executing migration" id="add index in alert_rule on org_id, namespace_uid, group_uid columns"
logger=migrator t=2026-05-25T15:35:11.387313586Z level=info msg="Migration successfully executed" id="add index in alert_rule on org_id, namespace_uid, group_uid columns" duration=498.29µs
logger=migrator t=2026-05-25T15:35:11.387900416Z level=info msg="Executing migration" id="alter alert_rule table data column to mediumtext in mysql"
logger=migrator t=2026-05-25T15:35:11.388039407Z level=info msg="Migration successfully executed" id="alter alert_rule table data column to mediumtext in mysql" duration=144.651µs
logger=migrator t=2026-05-25T15:35:11.388646207Z level=info msg="Executing migration" id="add column for to alert_rule"
logger=migrator t=2026-05-25T15:35:11.389736717Z level=info msg="Migration successfully executed" id="add column for to alert_rule" duration=1.08993ms
logger=migrator t=2026-05-25T15:35:11.390242178Z level=info msg="Executing migration" id="add column annotations to alert_rule"
logger=migrator t=2026-05-25T15:35:11.391243118Z level=info msg="Migration successfully executed" id="add column annotations to alert_rule" duration=992.33µs
logger=migrator t=2026-05-25T15:35:11.391869849Z level=info msg="Executing migration" id="add column labels to alert_rule"
logger=migrator t=2026-05-25T15:35:11.392896159Z level=info msg="Migration successfully executed" id="add column labels to alert_rule" duration=1.02594ms
logger=migrator t=2026-05-25T15:35:11.39351688Z level=info msg="Executing migration" id="remove unique index from alert_rule on org_id, title columns"
logger=migrator t=2026-05-25T15:35:11.3939012Z level=info msg="Migration successfully executed" id="remove unique index from alert_rule on org_id, title columns" duration=383.85µs
logger=migrator t=2026-05-25T15:35:11.39439285Z level=info msg="Executing migration" id="add index in alert_rule on org_id, namespase_uid and title columns"
logger=migrator t=2026-05-25T15:35:11.394853051Z level=info msg="Migration successfully executed" id="add index in alert_rule on org_id, namespase_uid and title columns" duration=459.771µs
logger=migrator t=2026-05-25T15:35:11.395483981Z level=info msg="Executing migration" id="add dashboard_uid column to alert_rule"
logger=migrator t=2026-05-25T15:35:11.396557562Z level=info msg="Migration successfully executed" id="add dashboard_uid column to alert_rule" duration=1.073301ms
logger=migrator t=2026-05-25T15:35:11.397065932Z level=info msg="Executing migration" id="add panel_id column to alert_rule"
logger=migrator t=2026-05-25T15:35:11.398045162Z level=info msg="Migration successfully executed" id="add panel_id column to alert_rule" duration=970.8µs
logger=migrator t=2026-05-25T15:35:11.398612113Z level=info msg="Executing migration" id="add index in alert_rule on org_id, dashboard_uid and panel_id columns"
logger=migrator t=2026-05-25T15:35:11.399055643Z level=info msg="Migration successfully executed" id="add index in alert_rule on org_id, dashboard_uid and panel_id columns" duration=443.19µs
logger=migrator t=2026-05-25T15:35:11.399691263Z level=info msg="Executing migration" id="add rule_group_idx column to alert_rule"
logger=migrator t=2026-05-25T15:35:11.400759604Z level=info msg="Migration successfully executed" id="add rule_group_idx column to alert_rule" duration=1.067921ms
logger=migrator t=2026-05-25T15:35:11.401242974Z level=info msg="Executing migration" id="add is_paused column to alert_rule table"
logger=migrator t=2026-05-25T15:35:11.402356355Z level=info msg="Migration successfully executed" id="add is_paused column to alert_rule table" duration=1.112981ms
logger=migrator t=2026-05-25T15:35:11.402883616Z level=info msg="Executing migration" id="fix is_paused column for alert_rule table"
logger=migrator t=2026-05-25T15:35:11.403014126Z level=info msg="Migration successfully executed" id="fix is_paused column for alert_rule table" duration=130.83µs
logger=migrator t=2026-05-25T15:35:11.403655226Z level=info msg="Executing migration" id="alter table alert_rule alter column rule_group_idx type to bigint"
logger=migrator t=2026-05-25T15:35:11.403823806Z level=info msg="Migration successfully executed" id="alter table alert_rule alter column rule_group_idx type to bigint" duration=168.65µs
logger=migrator t=2026-05-25T15:35:11.404475786Z level=info msg="Executing migration" id="create alert_rule_version table"
logger=migrator t=2026-05-25T15:35:11.404919577Z level=info msg="Migration successfully executed" id="create alert_rule_version table" duration=443.621µs
logger=migrator t=2026-05-25T15:35:11.405624707Z level=info msg="Executing migration" id="add index in alert_rule_version table on rule_org_id, rule_uid and version columns"
logger=migrator t=2026-05-25T15:35:11.405999357Z level=info msg="Migration successfully executed" id="add index in alert_rule_version table on rule_org_id, rule_uid and version columns" duration=374.31µs
logger=migrator t=2026-05-25T15:35:11.406668117Z level=info msg="Executing migration" id="add index in alert_rule_version table on rule_org_id, rule_namespace_uid and rule_group columns"
logger=migrator t=2026-05-25T15:35:11.407127358Z level=info msg="Migration successfully executed" id="add index in alert_rule_version table on rule_org_id, rule_namespace_uid and rule_group columns" duration=458.821µs
logger=migrator t=2026-05-25T15:35:11.407721308Z level=info msg="Executing migration" id="alter alert_rule_version table data column to mediumtext in mysql"
logger=migrator t=2026-05-25T15:35:11.407857858Z level=info msg="Migration successfully executed" id="alter alert_rule_version table data column to mediumtext in mysql" duration=136.85µs
logger=migrator t=2026-05-25T15:35:11.408425499Z level=info msg="Executing migration" id="add column for to alert_rule_version"
logger=migrator t=2026-05-25T15:35:11.409579109Z level=info msg="Migration successfully executed" id="add column for to alert_rule_version" duration=1.14491ms
logger=migrator t=2026-05-25T15:35:11.41012481Z level=info msg="Executing migration" id="add column annotations to alert_rule_version"
logger=migrator t=2026-05-25T15:35:11.41117661Z level=info msg="Migration successfully executed" id="add column annotations to alert_rule_version" duration=1.05153ms
logger=migrator t=2026-05-25T15:35:11.411810091Z level=info msg="Executing migration" id="add column labels to alert_rule_version"
logger=migrator t=2026-05-25T15:35:11.412849242Z level=info msg="Migration successfully executed" id="add column labels to alert_rule_version" duration=1.030151ms
logger=migrator t=2026-05-25T15:35:11.413410712Z level=info msg="Executing migration" id="add rule_group_idx column to alert_rule_version"
logger=migrator t=2026-05-25T15:35:11.414477733Z level=info msg="Migration successfully executed" id="add rule_group_idx column to alert_rule_version" duration=1.066881ms
logger=migrator t=2026-05-25T15:35:11.415013623Z level=info msg="Executing migration" id="add is_paused column to alert_rule_versions table"
logger=migrator t=2026-05-25T15:35:11.416160114Z level=info msg="Migration successfully executed" id="add is_paused column to alert_rule_versions table" duration=1.146021ms
logger=migrator t=2026-05-25T15:35:11.416700804Z level=info msg="Executing migration" id="fix is_paused column for alert_rule_version table"
logger=migrator t=2026-05-25T15:35:11.416868024Z level=info msg="Migration successfully executed" id="fix is_paused column for alert_rule_version table" duration=167.49µs
logger=migrator t=2026-05-25T15:35:11.417514664Z level=info msg="Executing migration" id="alter table alert_rule_version alter column rule_group_idx type to bigint"
logger=migrator t=2026-05-25T15:35:11.417605464Z level=info msg="Migration successfully executed" id="alter table alert_rule_version alter column rule_group_idx type to bigint" duration=91.38µs
logger=migrator t=2026-05-25T15:35:11.418264865Z level=info msg="Executing migration" id=create_alert_configuration_table
logger=migrator t=2026-05-25T15:35:11.418554715Z level=info msg="Migration successfully executed" id=create_alert_configuration_table duration=297.19µs
logger=migrator t=2026-05-25T15:35:11.419304865Z level=info msg="Executing migration" id="Add column default in alert_configuration"
logger=migrator t=2026-05-25T15:35:11.420424956Z level=info msg="Migration successfully executed" id="Add column default in alert_configuration" duration=1.119801ms
logger=migrator t=2026-05-25T15:35:11.420970087Z level=info msg="Executing migration" id="alert alert_configuration alertmanager_configuration column from TEXT to MEDIUMTEXT if mysql"
logger=migrator t=2026-05-25T15:35:11.421052627Z level=info msg="Migration successfully executed" id="alert alert_configuration alertmanager_configuration column from TEXT to MEDIUMTEXT if mysql" duration=82.83µs
logger=migrator t=2026-05-25T15:35:11.421855667Z level=info msg="Executing migration" id="add column org_id in alert_configuration"
logger=migrator t=2026-05-25T15:35:11.423247298Z level=info msg="Migration successfully executed" id="add column org_id in alert_configuration" duration=1.391761ms
logger=migrator t=2026-05-25T15:35:11.423888808Z level=info msg="Executing migration" id="add index in alert_configuration table on org_id column"
logger=migrator t=2026-05-25T15:35:11.424317629Z level=info msg="Migration successfully executed" id="add index in alert_configuration table on org_id column" duration=428.521µs
logger=migrator t=2026-05-25T15:35:11.424942849Z level=info msg="Executing migration" id="add configuration_hash column to alert_configuration"
logger=migrator t=2026-05-25T15:35:11.426078949Z level=info msg="Migration successfully executed" id="add configuration_hash column to alert_configuration" duration=1.12826ms
logger=migrator t=2026-05-25T15:35:11.42665092Z level=info msg="Executing migration" id=create_ngalert_configuration_table
logger=migrator t=2026-05-25T15:35:11.42704428Z level=info msg="Migration successfully executed" id=create_ngalert_configuration_table duration=393µs
logger=migrator t=2026-05-25T15:35:11.427885581Z level=info msg="Executing migration" id="add index in ngalert_configuration on org_id column"
logger=migrator t=2026-05-25T15:35:11.428341961Z level=info msg="Migration successfully executed" id="add index in ngalert_configuration on org_id column" duration=456.46µs
logger=migrator t=2026-05-25T15:35:11.429124341Z level=info msg="Executing migration" id="add column send_alerts_to in ngalert_configuration"
logger=migrator t=2026-05-25T15:35:11.430303252Z level=info msg="Migration successfully executed" id="add column send_alerts_to in ngalert_configuration" duration=1.178501ms
logger=migrator t=2026-05-25T15:35:11.430883553Z level=info msg="Executing migration" id="create provenance_type table"
logger=migrator t=2026-05-25T15:35:11.431325623Z level=info msg="Migration successfully executed" id="create provenance_type table" duration=441µs
logger=migrator t=2026-05-25T15:35:11.431972193Z level=info msg="Executing migration" id="add index to uniquify (record_key, record_type, org_id) columns"
logger=migrator t=2026-05-25T15:35:11.432416573Z level=info msg="Migration successfully executed" id="add index to uniquify (record_key, record_type, org_id) columns" duration=443.43µs
logger=migrator t=2026-05-25T15:35:11.433096014Z level=info msg="Executing migration" id="create alert_image table"
logger=migrator t=2026-05-25T15:35:11.433460514Z level=info msg="Migration successfully executed" id="create alert_image table" duration=364.23µs
logger=migrator t=2026-05-25T15:35:11.434084344Z level=info msg="Executing migration" id="add unique index on token to alert_image table"
logger=migrator t=2026-05-25T15:35:11.434491104Z level=info msg="Migration successfully executed" id="add unique index on token to alert_image table" duration=399.31µs
logger=migrator t=2026-05-25T15:35:11.435122695Z level=info msg="Executing migration" id="support longer URLs in alert_image table"
logger=migrator t=2026-05-25T15:35:11.435261875Z level=info msg="Migration successfully executed" id="support longer URLs in alert_image table" duration=139.54µs
logger=migrator t=2026-05-25T15:35:11.435996825Z level=info msg="Executing migration" id=create_alert_configuration_history_table
logger=migrator t=2026-05-25T15:35:11.436470096Z level=info msg="Migration successfully executed" id=create_alert_configuration_history_table duration=477.431µs
logger=migrator t=2026-05-25T15:35:11.437054246Z level=info msg="Executing migration" id="drop non-unique orgID index on alert_configuration"
logger=migrator t=2026-05-25T15:35:11.437581787Z level=info msg="Migration successfully executed" id="drop non-unique orgID index on alert_configuration" duration=527.331µs
logger=migrator t=2026-05-25T15:35:11.438145077Z level=info msg="Executing migration" id="drop unique orgID index on alert_configuration if exists"
logger=migrator t=2026-05-25T15:35:11.438313697Z level=warn msg="Skipping migration: Already executed, but not recorded in migration log" id="drop unique orgID index on alert_configuration if exists"
logger=migrator t=2026-05-25T15:35:11.438960207Z level=info msg="Executing migration" id="extract alertmanager configuration history to separate table"
logger=migrator t=2026-05-25T15:35:11.439314798Z level=info msg="Migration successfully executed" id="extract alertmanager configuration history to separate table" duration=353.731µs
logger=migrator t=2026-05-25T15:35:11.439977078Z level=info msg="Executing migration" id="add unique index on orgID to alert_configuration"
logger=migrator t=2026-05-25T15:35:11.440411238Z level=info msg="Migration successfully executed" id="add unique index on orgID to alert_configuration" duration=433.84µs
logger=migrator t=2026-05-25T15:35:11.440919948Z level=info msg="Executing migration" id="add last_applied column to alert_configuration_history"
logger=migrator t=2026-05-25T15:35:11.442148559Z level=info msg="Migration successfully executed" id="add last_applied column to alert_configuration_history" duration=1.228091ms
logger=migrator t=2026-05-25T15:35:11.442664559Z level=info msg="Executing migration" id="add message column to alert_rule_version"
logger=migrator t=2026-05-25T15:35:11.44390782Z level=info msg="Migration successfully executed" id="add message column to alert_rule_version" duration=1.242741ms
logger=migrator t=2026-05-25T15:35:11.444532731Z level=info msg="Executing migration" id="add column external_alertmanager_uid in ngalert_configuration"
logger=migrator t=2026-05-25T15:35:11.445663311Z level=info msg="Migration successfully executed" id="add column external_alertmanager_uid in ngalert_configuration" duration=1.13005ms
logger=migrator t=2026-05-25T15:35:11.446251702Z level=info msg="Executing migration" id="create library_element table v1"
logger=migrator t=2026-05-25T15:35:11.446629952Z level=info msg="Migration successfully executed" id="create library_element table v1" duration=377.46µs
logger=migrator t=2026-05-25T15:35:11.447429563Z level=info msg="Executing migration" id="add index library_element org_id-folder_id-name-kind"
logger=migrator t=2026-05-25T15:35:11.447900663Z level=info msg="Migration successfully executed" id="add index library_element org_id-folder_id-name-kind" duration=470.69µs
logger=migrator t=2026-05-25T15:35:11.448494713Z level=info msg="Executing migration" id="create library_element_connection table v1"
logger=migrator t=2026-05-25T15:35:11.448897364Z level=info msg="Migration successfully executed" id="create library_element_connection table v1" duration=402.271µs
logger=migrator t=2026-05-25T15:35:11.449825204Z level=info msg="Executing migration" id="add index library_element_connection element_id-kind-connection_id"
logger=migrator t=2026-05-25T15:35:11.451093135Z level=info msg="Migration successfully executed" id="add index library_element_connection element_id-kind-connection_id" duration=1.269361ms
logger=migrator t=2026-05-25T15:35:11.452300536Z level=info msg="Executing migration" id="add unique index library_element org_id_uid"
logger=migrator t=2026-05-25T15:35:11.455803498Z level=info msg="Migration successfully executed" id="add unique index library_element org_id_uid" duration=3.467742ms
logger=migrator t=2026-05-25T15:35:11.458103659Z level=info msg="Executing migration" id="increase max description length to 2048"
logger=migrator t=2026-05-25T15:35:11.458335679Z level=info msg="Migration successfully executed" id="increase max description length to 2048" duration=234.98µs
logger=migrator t=2026-05-25T15:35:11.4595296Z level=info msg="Executing migration" id="alter library_element model to mediumtext"
logger=migrator t=2026-05-25T15:35:11.45968596Z level=info msg="Migration successfully executed" id="alter library_element model to mediumtext" duration=156.85µs
logger=migrator t=2026-05-25T15:35:11.460402011Z level=info msg="Executing migration" id="add library_element folder uid"
logger=migrator t=2026-05-25T15:35:11.461793111Z level=info msg="Migration successfully executed" id="add library_element folder uid" duration=1.39077ms
logger=migrator t=2026-05-25T15:35:11.462290731Z level=info msg="Executing migration" id="populate library_element folder_uid"
logger=migrator t=2026-05-25T15:35:11.462507602Z level=info msg="Migration successfully executed" id="populate library_element folder_uid" duration=216.541µs
logger=migrator t=2026-05-25T15:35:11.463185592Z level=info msg="Executing migration" id="add index library_element org_id-folder_uid-name-kind"
logger=migrator t=2026-05-25T15:35:11.463623462Z level=info msg="Migration successfully executed" id="add index library_element org_id-folder_uid-name-kind" duration=436.13µs
logger=migrator t=2026-05-25T15:35:11.464167173Z level=info msg="Executing migration" id="drop unique name in folder index (id)"
logger=migrator t=2026-05-25T15:35:11.464576743Z level=info msg="Migration successfully executed" id="drop unique name in folder index (id)" duration=409.66µs
logger=migrator t=2026-05-25T15:35:11.465082843Z level=info msg="Executing migration" id="drop unique name in folder index"
logger=migrator t=2026-05-25T15:35:11.465514234Z level=info msg="Migration successfully executed" id="drop unique name in folder index" duration=431.621µs
logger=migrator t=2026-05-25T15:35:11.466043604Z level=info msg="Executing migration" id="clone move dashboard alerts to unified alerting"
logger=migrator t=2026-05-25T15:35:11.466256824Z level=info msg="Migration successfully executed" id="clone move dashboard alerts to unified alerting" duration=213.11µs
logger=migrator t=2026-05-25T15:35:11.466828975Z level=info msg="Executing migration" id="create data_keys table"
logger=migrator t=2026-05-25T15:35:11.467225955Z level=info msg="Migration successfully executed" id="create data_keys table" duration=395.14µs
logger=migrator t=2026-05-25T15:35:11.467837725Z level=info msg="Executing migration" id="create secrets table"
logger=migrator t=2026-05-25T15:35:11.468180865Z level=info msg="Migration successfully executed" id="create secrets table" duration=343.62µs
logger=migrator t=2026-05-25T15:35:11.468715756Z level=info msg="Executing migration" id="rename data_keys name column to id"
logger=migrator t=2026-05-25T15:35:11.473530808Z level=info msg="Migration successfully executed" id="rename data_keys name column to id" duration=4.814622ms
logger=migrator t=2026-05-25T15:35:11.474113329Z level=info msg="Executing migration" id="add name column into data_keys"
logger=migrator t=2026-05-25T15:35:11.47534869Z level=info msg="Migration successfully executed" id="add name column into data_keys" duration=1.235131ms
logger=migrator t=2026-05-25T15:35:11.47593125Z level=info msg="Executing migration" id="copy data_keys id column values into name"
logger=migrator t=2026-05-25T15:35:11.47605187Z level=info msg="Migration successfully executed" id="copy data_keys id column values into name" duration=120.25µs
logger=migrator t=2026-05-25T15:35:11.4766073Z level=info msg="Executing migration" id="rename data_keys name column to label"
logger=migrator t=2026-05-25T15:35:11.481362253Z level=info msg="Migration successfully executed" id="rename data_keys name column to label" duration=4.754713ms
logger=migrator t=2026-05-25T15:35:11.481974073Z level=info msg="Executing migration" id="rename data_keys id column back to name"
logger=migrator t=2026-05-25T15:35:11.487253067Z level=info msg="Migration successfully executed" id="rename data_keys id column back to name" duration=5.278394ms
logger=migrator t=2026-05-25T15:35:11.487973928Z level=info msg="Executing migration" id="create kv_store table v1"
logger=migrator t=2026-05-25T15:35:11.488364048Z level=info msg="Migration successfully executed" id="create kv_store table v1" duration=390.99µs
logger=migrator t=2026-05-25T15:35:11.488949998Z level=info msg="Executing migration" id="add index kv_store.org_id-namespace-key"
logger=migrator t=2026-05-25T15:35:11.489368778Z level=info msg="Migration successfully executed" id="add index kv_store.org_id-namespace-key" duration=417.12µs
logger=migrator t=2026-05-25T15:35:11.489958948Z level=info msg="Executing migration" id="update dashboard_uid and panel_id from existing annotations"
logger=migrator t=2026-05-25T15:35:11.490127859Z level=info msg="Migration successfully executed" id="update dashboard_uid and panel_id from existing annotations" duration=169.041µs
logger=migrator t=2026-05-25T15:35:11.490759729Z level=info msg="Executing migration" id="create permission table"
logger=migrator t=2026-05-25T15:35:11.491125609Z level=info msg="Migration successfully executed" id="create permission table" duration=365.75µs
logger=migrator t=2026-05-25T15:35:11.49189237Z level=info msg="Executing migration" id="add unique index permission.role_id"
logger=migrator t=2026-05-25T15:35:11.49233416Z level=info msg="Migration successfully executed" id="add unique index permission.role_id" duration=441.23µs
logger=migrator t=2026-05-25T15:35:11.49291332Z level=info msg="Executing migration" id="add unique index role_id_action_scope"
logger=migrator t=2026-05-25T15:35:11.493326211Z level=info msg="Migration successfully executed" id="add unique index role_id_action_scope" duration=412.771µs
logger=migrator t=2026-05-25T15:35:11.493997461Z level=info msg="Executing migration" id="create role table"
logger=migrator t=2026-05-25T15:35:11.494358971Z level=info msg="Migration successfully executed" id="create role table" duration=361.45µs
logger=migrator t=2026-05-25T15:35:11.494944862Z level=info msg="Executing migration" id="add column display_name"
logger=migrator t=2026-05-25T15:35:11.496179732Z level=info msg="Migration successfully executed" id="add column display_name" duration=1.23477ms
logger=migrator t=2026-05-25T15:35:11.496722373Z level=info msg="Executing migration" id="add column group_name"
logger=migrator t=2026-05-25T15:35:11.497973793Z level=info msg="Migration successfully executed" id="add column group_name" duration=1.25115ms
logger=migrator t=2026-05-25T15:35:11.498488154Z level=info msg="Executing migration" id="add index role.org_id"
logger=migrator t=2026-05-25T15:35:11.498941974Z level=info msg="Migration successfully executed" id="add index role.org_id" duration=453.84µs
logger=migrator t=2026-05-25T15:35:11.499543614Z level=info msg="Executing migration" id="add unique index role_org_id_name"
logger=migrator t=2026-05-25T15:35:11.499983374Z level=info msg="Migration successfully executed" id="add unique index role_org_id_name" duration=439.82µs
logger=migrator t=2026-05-25T15:35:11.500578475Z level=info msg="Executing migration" id="add index role_org_id_uid"
logger=migrator t=2026-05-25T15:35:11.500978075Z level=info msg="Migration successfully executed" id="add index role_org_id_uid" duration=399.46µs
logger=migrator t=2026-05-25T15:35:11.501572046Z level=info msg="Executing migration" id="create team role table"
logger=migrator t=2026-05-25T15:35:11.501892766Z level=info msg="Migration successfully executed" id="create team role table" duration=318.64µs
logger=migrator t=2026-05-25T15:35:11.502491016Z level=info msg="Executing migration" id="add index team_role.org_id"
logger=migrator t=2026-05-25T15:35:11.502924217Z level=info msg="Migration successfully executed" id="add index team_role.org_id" duration=432.661µs
logger=migrator t=2026-05-25T15:35:11.503514707Z level=info msg="Executing migration" id="add unique index team_role_org_id_team_id_role_id"
logger=migrator t=2026-05-25T15:35:11.503991187Z level=info msg="Migration successfully executed" id="add unique index team_role_org_id_team_id_role_id" duration=476µs
logger=migrator t=2026-05-25T15:35:11.504588477Z level=info msg="Executing migration" id="add index team_role.team_id"
logger=migrator t=2026-05-25T15:35:11.505109088Z level=info msg="Migration successfully executed" id="add index team_role.team_id" duration=520.511µs
logger=migrator t=2026-05-25T15:35:11.505745198Z level=info msg="Executing migration" id="create user role table"
logger=migrator t=2026-05-25T15:35:11.506096958Z level=info msg="Migration successfully executed" id="create user role table" duration=351.86µs
logger=migrator t=2026-05-25T15:35:11.506652468Z level=info msg="Executing migration" id="add index user_role.org_id"
logger=migrator t=2026-05-25T15:35:11.507041329Z level=info msg="Migration successfully executed" id="add index user_role.org_id" duration=388.451µs
logger=migrator t=2026-05-25T15:35:11.507660609Z level=info msg="Executing migration" id="add unique index user_role_org_id_user_id_role_id"
logger=migrator t=2026-05-25T15:35:11.508092509Z level=info msg="Migration successfully executed" id="add unique index user_role_org_id_user_id_role_id" duration=431.47µs
logger=migrator t=2026-05-25T15:35:11.5086626Z level=info msg="Executing migration" id="add index user_role.user_id"
logger=migrator t=2026-05-25T15:35:11.50902449Z level=info msg="Migration successfully executed" id="add index user_role.user_id" duration=361.14µs
logger=migrator t=2026-05-25T15:35:11.50956011Z level=info msg="Executing migration" id="create builtin role table"
logger=migrator t=2026-05-25T15:35:11.509923591Z level=info msg="Migration successfully executed" id="create builtin role table" duration=363.551µs
logger=migrator t=2026-05-25T15:35:11.510513241Z level=info msg="Executing migration" id="add index builtin_role.role_id"
logger=migrator t=2026-05-25T15:35:11.510958171Z level=info msg="Migration successfully executed" id="add index builtin_role.role_id" duration=444.09µs
logger=migrator t=2026-05-25T15:35:11.511538392Z level=info msg="Executing migration" id="add index builtin_role.name"
logger=migrator t=2026-05-25T15:35:11.511952662Z level=info msg="Migration successfully executed" id="add index builtin_role.name" duration=414.37µs
logger=migrator t=2026-05-25T15:35:11.512589222Z level=info msg="Executing migration" id="Add column org_id to builtin_role table"
logger=migrator t=2026-05-25T15:35:11.513871333Z level=info msg="Migration successfully executed" id="Add column org_id to builtin_role table" duration=1.281961ms
logger=migrator t=2026-05-25T15:35:11.514387703Z level=info msg="Executing migration" id="add index builtin_role.org_id"
logger=migrator t=2026-05-25T15:35:11.514776663Z level=info msg="Migration successfully executed" id="add index builtin_role.org_id" duration=388.93µs
logger=migrator t=2026-05-25T15:35:11.515399044Z level=info msg="Executing migration" id="add unique index builtin_role_org_id_role_id_role"
logger=migrator t=2026-05-25T15:35:11.515868424Z level=info msg="Migration successfully executed" id="add unique index builtin_role_org_id_role_id_role" duration=468.89µs
logger=migrator t=2026-05-25T15:35:11.516458574Z level=info msg="Executing migration" id="Remove unique index role_org_id_uid"
logger=migrator t=2026-05-25T15:35:11.516853255Z level=info msg="Migration successfully executed" id="Remove unique index role_org_id_uid" duration=394.341µs
logger=migrator t=2026-05-25T15:35:11.517315045Z level=info msg="Executing migration" id="add unique index role.uid"
logger=migrator t=2026-05-25T15:35:11.517707585Z level=info msg="Migration successfully executed" id="add unique index role.uid" duration=392.45µs
logger=migrator t=2026-05-25T15:35:11.518244576Z level=info msg="Executing migration" id="create seed assignment table"
logger=migrator t=2026-05-25T15:35:11.518636086Z level=info msg="Migration successfully executed" id="create seed assignment table" duration=391.31µs
logger=migrator t=2026-05-25T15:35:11.519195836Z level=info msg="Executing migration" id="add unique index builtin_role_role_name"
logger=migrator t=2026-05-25T15:35:11.519598517Z level=info msg="Migration successfully executed" id="add unique index builtin_role_role_name" duration=402.171µs
logger=migrator t=2026-05-25T15:35:11.520195047Z level=info msg="Executing migration" id="add column hidden to role table"
logger=migrator t=2026-05-25T15:35:11.521484528Z level=info msg="Migration successfully executed" id="add column hidden to role table" duration=1.289521ms
logger=migrator t=2026-05-25T15:35:11.521983958Z level=info msg="Executing migration" id="permission kind migration"
logger=migrator t=2026-05-25T15:35:11.523321189Z level=info msg="Migration successfully executed" id="permission kind migration" duration=1.337151ms
logger=migrator t=2026-05-25T15:35:11.523850299Z level=info msg="Executing migration" id="permission attribute migration"
logger=migrator t=2026-05-25T15:35:11.52512249Z level=info msg="Migration successfully executed" id="permission attribute migration" duration=1.269551ms
logger=migrator t=2026-05-25T15:35:11.52563968Z level=info msg="Executing migration" id="permission identifier migration"
logger=migrator t=2026-05-25T15:35:11.526908001Z level=info msg="Migration successfully executed" id="permission identifier migration" duration=1.267881ms
logger=migrator t=2026-05-25T15:35:11.527467181Z level=info msg="Executing migration" id="add permission identifier index"
logger=migrator t=2026-05-25T15:35:11.527905342Z level=info msg="Migration successfully executed" id="add permission identifier index" duration=437.911µs
logger=migrator t=2026-05-25T15:35:11.528490152Z level=info msg="Executing migration" id="add permission action scope role_id index"
logger=migrator t=2026-05-25T15:35:11.528960842Z level=info msg="Migration successfully executed" id="add permission action scope role_id index" duration=470.01µs
logger=migrator t=2026-05-25T15:35:11.529586573Z level=info msg="Executing migration" id="remove permission role_id action scope index"
logger=migrator t=2026-05-25T15:35:11.529969643Z level=info msg="Migration successfully executed" id="remove permission role_id action scope index" duration=381.97µs
logger=migrator t=2026-05-25T15:35:11.531047744Z level=info msg="Executing migration" id="add group mapping UID column to user_role table"
logger=migrator t=2026-05-25T15:35:11.532518635Z level=info msg="Migration successfully executed" id="add group mapping UID column to user_role table" duration=1.470981ms
logger=migrator t=2026-05-25T15:35:11.533225365Z level=info msg="Executing migration" id="add user_role org ID, user ID, role ID, group mapping UID index"
logger=migrator t=2026-05-25T15:35:11.533661775Z level=info msg="Migration successfully executed" id="add user_role org ID, user ID, role ID, group mapping UID index" duration=435.91µs
logger=migrator t=2026-05-25T15:35:11.534206135Z level=info msg="Executing migration" id="remove user_role org ID, user ID, role ID index"
logger=migrator t=2026-05-25T15:35:11.534589265Z level=info msg="Migration successfully executed" id="remove user_role org ID, user ID, role ID index" duration=381.42µs
logger=migrator t=2026-05-25T15:35:11.535181546Z level=info msg="Executing migration" id="add permission role_id action index"
logger=migrator t=2026-05-25T15:35:11.535606566Z level=info msg="Migration successfully executed" id="add permission role_id action index" duration=424.5µs
logger=migrator t=2026-05-25T15:35:11.536119997Z level=info msg="Executing migration" id="Remove permission role_id index"
logger=migrator t=2026-05-25T15:35:11.536496237Z level=info msg="Migration successfully executed" id="Remove permission role_id index" duration=375.16µs
logger=migrator t=2026-05-25T15:35:11.536979757Z level=info msg="Executing migration" id="add permission role_id scope index"
logger=migrator t=2026-05-25T15:35:11.537420347Z level=info msg="Migration successfully executed" id="add permission role_id scope index" duration=440.19µs
logger=migrator t=2026-05-25T15:35:11.537939718Z level=info msg="Executing migration" id="alter permission.kind to length 80"
logger=migrator t=2026-05-25T15:35:11.538050398Z level=info msg="Migration successfully executed" id="alter permission.kind to length 80" duration=110.68µs
logger=migrator t=2026-05-25T15:35:11.538635448Z level=info msg="Executing migration" id="add datasource_type column to permission table"
logger=migrator t=2026-05-25T15:35:11.539885899Z level=info msg="Migration successfully executed" id="add datasource_type column to permission table" duration=1.249661ms
logger=migrator t=2026-05-25T15:35:11.540458299Z level=info msg="Executing migration" id="populate datasource_type in permission table for uid-scoped datasource permissions"
logger=migrator t=2026-05-25T15:35:11.540682419Z level=info msg="Migration successfully executed" id="populate datasource_type in permission table for uid-scoped datasource permissions" duration=223.85µs
logger=migrator t=2026-05-25T15:35:11.54124431Z level=info msg="Executing migration" id="create query_history table v1"
logger=migrator t=2026-05-25T15:35:11.54157547Z level=info msg="Migration successfully executed" id="create query_history table v1" duration=330.7µs
logger=migrator t=2026-05-25T15:35:11.54221028Z level=info msg="Executing migration" id="add index query_history.org_id-created_by-datasource_uid"
logger=migrator t=2026-05-25T15:35:11.54274255Z level=info msg="Migration successfully executed" id="add index query_history.org_id-created_by-datasource_uid" duration=532.02µs
logger=migrator t=2026-05-25T15:35:11.543496741Z level=info msg="Executing migration" id="alter table query_history alter column created_by type to bigint"
logger=migrator t=2026-05-25T15:35:11.543572561Z level=info msg="Migration successfully executed" id="alter table query_history alter column created_by type to bigint" duration=75.86µs
logger=migrator t=2026-05-25T15:35:11.544202871Z level=info msg="Executing migration" id="create query_history_details table v1"
logger=migrator t=2026-05-25T15:35:11.544510762Z level=info msg="Migration successfully executed" id="create query_history_details table v1" duration=306.661µs
logger=migrator t=2026-05-25T15:35:11.545063092Z level=info msg="Executing migration" id="rbac disabled migrator"
logger=migrator t=2026-05-25T15:35:11.545198832Z level=info msg="Migration successfully executed" id="rbac disabled migrator" duration=133.87µs
logger=migrator t=2026-05-25T15:35:11.545754862Z level=info msg="Executing migration" id="teams permissions migration"
logger=migrator t=2026-05-25T15:35:11.545999413Z level=info msg="Migration successfully executed" id="teams permissions migration" duration=244.761µs
logger=migrator t=2026-05-25T15:35:11.546547983Z level=info msg="Executing migration" id="dashboard permissions"
logger=migrator t=2026-05-25T15:35:11.546889833Z level=info msg="Migration successfully executed" id="dashboard permissions" duration=341.92µs
logger=migrator t=2026-05-25T15:35:11.547613004Z level=info msg="Executing migration" id="dashboard permissions uid scopes"
logger=migrator t=2026-05-25T15:35:11.547819284Z level=info msg="Migration successfully executed" id="dashboard permissions uid scopes" duration=206.67µs
logger=migrator t=2026-05-25T15:35:11.548454474Z level=info msg="Executing migration" id="drop managed folder create actions"
logger=migrator t=2026-05-25T15:35:11.548592714Z level=info msg="Migration successfully executed" id="drop managed folder create actions" duration=138.61µs
logger=migrator t=2026-05-25T15:35:11.549204204Z level=info msg="Executing migration" id="alerting notification permissions"
logger=migrator t=2026-05-25T15:35:11.549507705Z level=info msg="Migration successfully executed" id="alerting notification permissions" duration=303.391µs
logger=migrator t=2026-05-25T15:35:11.550064485Z level=info msg="Executing migration" id="create query_history_star table v1"
logger=migrator t=2026-05-25T15:35:11.550443515Z level=info msg="Migration successfully executed" id="create query_history_star table v1" duration=378.59µs
logger=migrator t=2026-05-25T15:35:11.551040135Z level=info msg="Executing migration" id="add index query_history.user_id-query_uid"
logger=migrator t=2026-05-25T15:35:11.551582336Z level=info msg="Migration successfully executed" id="add index query_history.user_id-query_uid" duration=543.231µs
logger=migrator t=2026-05-25T15:35:11.552151976Z level=info msg="Executing migration" id="add column org_id in query_history_star"
logger=migrator t=2026-05-25T15:35:11.553454667Z level=info msg="Migration successfully executed" id="add column org_id in query_history_star" duration=1.302441ms
logger=migrator t=2026-05-25T15:35:11.553912187Z level=info msg="Executing migration" id="alter table query_history_star_mig column user_id type to bigint"
logger=migrator t=2026-05-25T15:35:11.554065407Z level=info msg="Migration successfully executed" id="alter table query_history_star_mig column user_id type to bigint" duration=152.8µs
logger=migrator t=2026-05-25T15:35:11.554661618Z level=info msg="Executing migration" id="create correlation table v1"
logger=migrator t=2026-05-25T15:35:11.555109848Z level=info msg="Migration successfully executed" id="create correlation table v1" duration=448.46µs
logger=migrator t=2026-05-25T15:35:11.555898529Z level=info msg="Executing migration" id="add index correlations.uid"
logger=migrator t=2026-05-25T15:35:11.556547709Z level=info msg="Migration successfully executed" id="add index correlations.uid" duration=648.91µs
logger=migrator t=2026-05-25T15:35:11.55729906Z level=info msg="Executing migration" id="add index correlations.source_uid"
logger=migrator t=2026-05-25T15:35:11.55779101Z level=info msg="Migration successfully executed" id="add index correlations.source_uid" duration=490.41µs
logger=migrator t=2026-05-25T15:35:11.558431651Z level=info msg="Executing migration" id="add correlation config column"
logger=migrator t=2026-05-25T15:35:11.560003081Z level=info msg="Migration successfully executed" id="add correlation config column" duration=1.57156ms
logger=migrator t=2026-05-25T15:35:11.560574252Z level=info msg="Executing migration" id="drop index IDX_correlation_uid - v1"
logger=migrator t=2026-05-25T15:35:11.561101782Z level=info msg="Migration successfully executed" id="drop index IDX_correlation_uid - v1" duration=527.27µs
logger=migrator t=2026-05-25T15:35:11.561671042Z level=info msg="Executing migration" id="drop index IDX_correlation_source_uid - v1"
logger=migrator t=2026-05-25T15:35:11.562123272Z level=info msg="Migration successfully executed" id="drop index IDX_correlation_source_uid - v1" duration=450.75µs
logger=migrator t=2026-05-25T15:35:11.562684553Z level=info msg="Executing migration" id="Rename table correlation to correlation_tmp_qwerty - v1"
logger=migrator t=2026-05-25T15:35:11.566010855Z level=info msg="Migration successfully executed" id="Rename table correlation to correlation_tmp_qwerty - v1" duration=3.326622ms
logger=migrator t=2026-05-25T15:35:11.566714466Z level=info msg="Executing migration" id="create correlation v2"
logger=migrator t=2026-05-25T15:35:11.567137406Z level=info msg="Migration successfully executed" id="create correlation v2" duration=422.54µs
logger=migrator t=2026-05-25T15:35:11.567888226Z level=info msg="Executing migration" id="create index IDX_correlation_uid - v2"
logger=migrator t=2026-05-25T15:35:11.568327906Z level=info msg="Migration successfully executed" id="create index IDX_correlation_uid - v2" duration=437.75µs
logger=migrator t=2026-05-25T15:35:11.568929867Z level=info msg="Executing migration" id="create index IDX_correlation_source_uid - v2"
logger=migrator t=2026-05-25T15:35:11.569538857Z level=info msg="Migration successfully executed" id="create index IDX_correlation_source_uid - v2" duration=608.97µs
logger=migrator t=2026-05-25T15:35:11.570208737Z level=info msg="Executing migration" id="create index IDX_correlation_org_id - v2"
logger=migrator t=2026-05-25T15:35:11.570675877Z level=info msg="Migration successfully executed" id="create index IDX_correlation_org_id - v2" duration=466.98µs
logger=migrator t=2026-05-25T15:35:11.571439368Z level=info msg="Executing migration" id="copy correlation v1 to v2"
logger=migrator t=2026-05-25T15:35:11.571712518Z level=info msg="Migration successfully executed" id="copy correlation v1 to v2" duration=273.01µs
logger=migrator t=2026-05-25T15:35:11.572386449Z level=info msg="Executing migration" id="drop correlation_tmp_qwerty"
logger=migrator t=2026-05-25T15:35:11.572778559Z level=info msg="Migration successfully executed" id="drop correlation_tmp_qwerty" duration=391.95µs
logger=migrator t=2026-05-25T15:35:11.573308589Z level=info msg="Executing migration" id="add provisioning column"
logger=migrator t=2026-05-25T15:35:11.57465763Z level=info msg="Migration successfully executed" id="add provisioning column" duration=1.348911ms
logger=migrator t=2026-05-25T15:35:11.575385231Z level=info msg="Executing migration" id="add type column"
logger=migrator t=2026-05-25T15:35:11.576719371Z level=info msg="Migration successfully executed" id="add type column" duration=1.33347ms
logger=migrator t=2026-05-25T15:35:11.577314652Z level=info msg="Executing migration" id="create entity_events table"
logger=migrator t=2026-05-25T15:35:11.577679252Z level=info msg="Migration successfully executed" id="create entity_events table" duration=362.14µs
logger=migrator t=2026-05-25T15:35:11.578274832Z level=info msg="Executing migration" id="create dashboard public config v1"
logger=migrator t=2026-05-25T15:35:11.578686752Z level=info msg="Migration successfully executed" id="create dashboard public config v1" duration=411.63µs
logger=migrator t=2026-05-25T15:35:11.579407673Z level=info msg="Executing migration" id="drop index UQE_dashboard_public_config_uid - v1"
logger=migrator t=2026-05-25T15:35:11.579639753Z level=warn msg="Skipping migration: Already executed, but not recorded in migration log" id="drop index UQE_dashboard_public_config_uid - v1"
logger=migrator t=2026-05-25T15:35:11.580250523Z level=info msg="Executing migration" id="drop index IDX_dashboard_public_config_org_id_dashboard_uid - v1"
logger=migrator t=2026-05-25T15:35:11.580474803Z level=warn msg="Skipping migration: Already executed, but not recorded in migration log" id="drop index IDX_dashboard_public_config_org_id_dashboard_uid - v1"
logger=migrator t=2026-05-25T15:35:11.581219684Z level=info msg="Executing migration" id="Drop old dashboard public config table"
logger=migrator t=2026-05-25T15:35:11.581706474Z level=info msg="Migration successfully executed" id="Drop old dashboard public config table" duration=484.49µs
logger=migrator t=2026-05-25T15:35:11.582337635Z level=info msg="Executing migration" id="recreate dashboard public config v1"
logger=migrator t=2026-05-25T15:35:11.582692795Z level=info msg="Migration successfully executed" id="recreate dashboard public config v1" duration=355.13µs
logger=migrator t=2026-05-25T15:35:11.583394685Z level=info msg="Executing migration" id="create index UQE_dashboard_public_config_uid - v1"
logger=migrator t=2026-05-25T15:35:11.583844916Z level=info msg="Migration successfully executed" id="create index UQE_dashboard_public_config_uid - v1" duration=450.121µs
logger=migrator t=2026-05-25T15:35:11.584475456Z level=info msg="Executing migration" id="create index IDX_dashboard_public_config_org_id_dashboard_uid - v1"
logger=migrator t=2026-05-25T15:35:11.584915896Z level=info msg="Migration successfully executed" id="create index IDX_dashboard_public_config_org_id_dashboard_uid - v1" duration=439.95µs
logger=migrator t=2026-05-25T15:35:11.585483936Z level=info msg="Executing migration" id="drop index UQE_dashboard_public_config_uid - v2"
logger=migrator t=2026-05-25T15:35:11.585947457Z level=info msg="Migration successfully executed" id="drop index UQE_dashboard_public_config_uid - v2" duration=462.051µs
logger=migrator t=2026-05-25T15:35:11.586513297Z level=info msg="Executing migration" id="drop index IDX_dashboard_public_config_org_id_dashboard_uid - v2"
logger=migrator t=2026-05-25T15:35:11.586987167Z level=info msg="Migration successfully executed" id="drop index IDX_dashboard_public_config_org_id_dashboard_uid - v2" duration=472.7µs
logger=migrator t=2026-05-25T15:35:11.587845098Z level=info msg="Executing migration" id="Drop public config table"
logger=migrator t=2026-05-25T15:35:11.588364728Z level=info msg="Migration successfully executed" id="Drop public config table" duration=518.67µs
logger=migrator t=2026-05-25T15:35:11.588946759Z level=info msg="Executing migration" id="Recreate dashboard public config v2"
logger=migrator t=2026-05-25T15:35:11.589412979Z level=info msg="Migration successfully executed" id="Recreate dashboard public config v2" duration=466.09µs
logger=migrator t=2026-05-25T15:35:11.589974119Z level=info msg="Executing migration" id="create index UQE_dashboard_public_config_uid - v2"
logger=migrator t=2026-05-25T15:35:11.59044685Z level=info msg="Migration successfully executed" id="create index UQE_dashboard_public_config_uid - v2" duration=473.021µs
logger=migrator t=2026-05-25T15:35:11.5910319Z level=info msg="Executing migration" id="create index IDX_dashboard_public_config_org_id_dashboard_uid - v2"
logger=migrator t=2026-05-25T15:35:11.59144256Z level=info msg="Migration successfully executed" id="create index IDX_dashboard_public_config_org_id_dashboard_uid - v2" duration=410µs
logger=migrator t=2026-05-25T15:35:11.592134861Z level=info msg="Executing migration" id="create index UQE_dashboard_public_config_access_token - v2"
logger=migrator t=2026-05-25T15:35:11.592543421Z level=info msg="Migration successfully executed" id="create index UQE_dashboard_public_config_access_token - v2" duration=407.85µs
logger=migrator t=2026-05-25T15:35:11.593207142Z level=info msg="Executing migration" id="Rename table dashboard_public_config to dashboard_public - v2"
logger=migrator t=2026-05-25T15:35:11.596652744Z level=info msg="Migration successfully executed" id="Rename table dashboard_public_config to dashboard_public - v2" duration=3.445362ms
logger=migrator t=2026-05-25T15:35:11.597241604Z level=info msg="Executing migration" id="add annotations_enabled column"
logger=migrator t=2026-05-25T15:35:11.598739895Z level=info msg="Migration successfully executed" id="add annotations_enabled column" duration=1.497641ms
logger=migrator t=2026-05-25T15:35:11.599401155Z level=info msg="Executing migration" id="add time_selection_enabled column"
logger=migrator t=2026-05-25T15:35:11.600844326Z level=info msg="Migration successfully executed" id="add time_selection_enabled column" duration=1.443841ms
logger=migrator t=2026-05-25T15:35:11.601404657Z level=info msg="Executing migration" id="delete orphaned public dashboards"
logger=migrator t=2026-05-25T15:35:11.601557157Z level=info msg="Migration successfully executed" id="delete orphaned public dashboards" duration=152.22µs
logger=migrator t=2026-05-25T15:35:11.602235667Z level=info msg="Executing migration" id="add share column"
logger=migrator t=2026-05-25T15:35:11.603840898Z level=info msg="Migration successfully executed" id="add share column" duration=1.603061ms
logger=migrator t=2026-05-25T15:35:11.604485798Z level=info msg="Executing migration" id="backfill empty share column fields with default of public"
logger=migrator t=2026-05-25T15:35:11.604674518Z level=info msg="Migration successfully executed" id="backfill empty share column fields with default of public" duration=188.68µs
logger=migrator t=2026-05-25T15:35:11.605293659Z level=info msg="Executing migration" id="create file table"
logger=migrator t=2026-05-25T15:35:11.605728149Z level=info msg="Migration successfully executed" id="create file table" duration=434.94µs
logger=migrator t=2026-05-25T15:35:11.606348889Z level=info msg="Executing migration" id="file table idx: path natural pk"
logger=migrator t=2026-05-25T15:35:11.60687795Z level=info msg="Migration successfully executed" id="file table idx: path natural pk" duration=528.581µs
logger=migrator t=2026-05-25T15:35:11.60757171Z level=info msg="Executing migration" id="file table idx: parent_folder_path_hash fast folder retrieval"
logger=migrator t=2026-05-25T15:35:11.60798873Z level=info msg="Migration successfully executed" id="file table idx: parent_folder_path_hash fast folder retrieval" duration=416.68µs
logger=migrator t=2026-05-25T15:35:11.608703851Z level=info msg="Executing migration" id="create file_meta table"
logger=migrator t=2026-05-25T15:35:11.609077111Z level=info msg="Migration successfully executed" id="create file_meta table" duration=373.03µs
logger=migrator t=2026-05-25T15:35:11.609749042Z level=info msg="Executing migration" id="file table idx: path key"
logger=migrator t=2026-05-25T15:35:11.610228382Z level=info msg="Migration successfully executed" id="file table idx: path key" duration=479.25µs
logger=migrator t=2026-05-25T15:35:11.610874172Z level=info msg="Executing migration" id="set path collation in file table"
logger=migrator t=2026-05-25T15:35:11.611001112Z level=info msg="Migration successfully executed" id="set path collation in file table" duration=125.58µs
logger=migrator t=2026-05-25T15:35:11.611723083Z level=info msg="Executing migration" id="migrate contents column to mediumblob for MySQL"
logger=migrator t=2026-05-25T15:35:11.611835633Z level=info msg="Migration successfully executed" id="migrate contents column to mediumblob for MySQL" duration=112.68µs
logger=migrator t=2026-05-25T15:35:11.612469303Z level=info msg="Executing migration" id="drop my_row_id and add primary key to file table if my_row_id exists (auto-generated mysql column)"
logger=migrator t=2026-05-25T15:35:11.612678953Z level=warn msg="Skipping migration: Already executed, but not recorded in migration log" id="drop my_row_id and add primary key to file table if my_row_id exists (auto-generated mysql column)"
logger=migrator t=2026-05-25T15:35:11.613296424Z level=info msg="Executing migration" id="drop file_path unique index from file table if it exists (mysql)"
logger=migrator t=2026-05-25T15:35:11.613521834Z level=info msg="Migration successfully executed" id="drop file_path unique index from file table if it exists (mysql)" duration=226.13µs
logger=migrator t=2026-05-25T15:35:11.614128494Z level=info msg="Executing migration" id="add primary key to file table if it doesn't exist (mysql)"
logger=migrator t=2026-05-25T15:35:11.614249574Z level=info msg="Migration successfully executed" id="add primary key to file table if it doesn't exist (mysql)" duration=120.61µs
logger=migrator t=2026-05-25T15:35:11.614888944Z level=info msg="Executing migration" id="add primary key to file table (postgres and sqlite)"
logger=migrator t=2026-05-25T15:35:11.619346847Z level=info msg="Migration successfully executed" id="add primary key to file table (postgres and sqlite)" duration=4.457283ms
logger=migrator t=2026-05-25T15:35:11.620251888Z level=info msg="Executing migration" id="drop my_row_id and add primary key to file_meta table if my_row_id exists (auto-generated mysql column)"
logger=migrator t=2026-05-25T15:35:11.620455878Z level=warn msg="Skipping migration: Already executed, but not recorded in migration log" id="drop my_row_id and add primary key to file_meta table if my_row_id exists (auto-generated mysql column)"
logger=migrator t=2026-05-25T15:35:11.621091548Z level=info msg="Executing migration" id="drop file_path unique index from file_meta table if it exists (mysql)"
logger=migrator t=2026-05-25T15:35:11.621346298Z level=info msg="Migration successfully executed" id="drop file_path unique index from file_meta table if it exists (mysql)" duration=254.46µs
logger=migrator t=2026-05-25T15:35:11.621988929Z level=info msg="Executing migration" id="add primary key to file_meta table if it doesn't exist (mysql)"
logger=migrator t=2026-05-25T15:35:11.622112759Z level=info msg="Migration successfully executed" id="add primary key to file_meta table if it doesn't exist (mysql)" duration=122.39µs
logger=migrator t=2026-05-25T15:35:11.622756669Z level=info msg="Executing migration" id="add primary key to file_meta table (postgres and sqlite)"
logger=migrator t=2026-05-25T15:35:11.626642302Z level=info msg="Migration successfully executed" id="add primary key to file_meta table (postgres and sqlite)" duration=3.885803ms
logger=migrator t=2026-05-25T15:35:11.627436192Z level=info msg="Executing migration" id="managed permissions migration"
logger=migrator t=2026-05-25T15:35:11.627778382Z level=info msg="Migration successfully executed" id="managed permissions migration" duration=343.22µs
logger=migrator t=2026-05-25T15:35:11.628460283Z level=info msg="Executing migration" id="managed folder permissions alert actions migration"
logger=migrator t=2026-05-25T15:35:11.628654743Z level=info msg="Migration successfully executed" id="managed folder permissions alert actions migration" duration=195.93µs
logger=migrator t=2026-05-25T15:35:11.629300623Z level=info msg="Executing migration" id="RBAC action name migrator"
logger=migrator t=2026-05-25T15:35:11.629927803Z level=info msg="Migration successfully executed" id="RBAC action name migrator" duration=626.79µs
logger=migrator t=2026-05-25T15:35:11.630559314Z level=info msg="Executing migration" id="update group index for alert rules"
logger=migrator t=2026-05-25T15:35:11.630943274Z level=info msg="Migration successfully executed" id="update group index for alert rules" duration=384.31µs
logger=migrator t=2026-05-25T15:35:11.631679024Z level=info msg="Executing migration" id="managed folder permissions alert actions repeated migration"
logger=migrator t=2026-05-25T15:35:11.631876005Z level=info msg="Migration successfully executed" id="managed folder permissions alert actions repeated migration" duration=197.211µs
logger=migrator t=2026-05-25T15:35:11.632587995Z level=info msg="Executing migration" id="admin only folder/dashboard permission"
logger=migrator t=2026-05-25T15:35:11.632848465Z level=info msg="Migration successfully executed" id="admin only folder/dashboard permission" duration=260.45µs
logger=migrator t=2026-05-25T15:35:11.633501176Z level=info msg="Executing migration" id="add action column to seed_assignment"
logger=migrator t=2026-05-25T15:35:11.634985227Z level=info msg="Migration successfully executed" id="add action column to seed_assignment" duration=1.483831ms
logger=migrator t=2026-05-25T15:35:11.635663277Z level=info msg="Executing migration" id="add scope column to seed_assignment"
logger=migrator t=2026-05-25T15:35:11.637133538Z level=info msg="Migration successfully executed" id="add scope column to seed_assignment" duration=1.470381ms
logger=migrator t=2026-05-25T15:35:11.637682359Z level=info msg="Executing migration" id="remove unique index builtin_role_role_name before nullable update"
logger=migrator t=2026-05-25T15:35:11.638197179Z level=info msg="Migration successfully executed" id="remove unique index builtin_role_role_name before nullable update" duration=514.64µs
logger=migrator t=2026-05-25T15:35:11.638815089Z level=info msg="Executing migration" id="update seed_assignment role_name column to nullable"
logger=migrator t=2026-05-25T15:35:11.651045626Z level=info msg="Migration successfully executed" id="update seed_assignment role_name column to nullable" duration=12.231067ms
logger=migrator t=2026-05-25T15:35:11.651864357Z level=info msg="Executing migration" id="add unique index builtin_role_name back"
logger=migrator t=2026-05-25T15:35:11.652421577Z level=info msg="Migration successfully executed" id="add unique index builtin_role_name back" duration=555.02µs
logger=migrator t=2026-05-25T15:35:11.653041888Z level=info msg="Executing migration" id="add unique index builtin_role_action_scope"
logger=migrator t=2026-05-25T15:35:11.653569178Z level=info msg="Migration successfully executed" id="add unique index builtin_role_action_scope" duration=527.27µs
logger=migrator t=2026-05-25T15:35:11.654184749Z level=info msg="Executing migration" id="add primary key to seed_assigment"
logger=migrator t=2026-05-25T15:35:11.658500091Z level=info msg="Migration successfully executed" id="add primary key to seed_assigment" duration=4.314912ms
logger=migrator t=2026-05-25T15:35:11.659684122Z level=info msg="Executing migration" id="add origin column to seed_assignment"
logger=migrator t=2026-05-25T15:35:11.661134873Z level=info msg="Migration successfully executed" id="add origin column to seed_assignment" duration=1.449841ms
logger=migrator t=2026-05-25T15:35:11.661735673Z level=info msg="Executing migration" id="add origin to plugin seed_assignment"
logger=migrator t=2026-05-25T15:35:11.662073893Z level=info msg="Migration successfully executed" id="add origin to plugin seed_assignment" duration=337.74µs
logger=migrator t=2026-05-25T15:35:11.662698414Z level=info msg="Executing migration" id="prevent seeding OnCall access"
logger=migrator t=2026-05-25T15:35:11.662894064Z level=info msg="Migration successfully executed" id="prevent seeding OnCall access" duration=185.83µs
logger=migrator t=2026-05-25T15:35:11.663607224Z level=info msg="Executing migration" id="managed folder permissions alert actions repeated fixed migration"
logger=migrator t=2026-05-25T15:35:11.663851054Z level=info msg="Migration successfully executed" id="managed folder permissions alert actions repeated fixed migration" duration=242.91µs
logger=migrator t=2026-05-25T15:35:11.664545995Z level=info msg="Executing migration" id="managed folder permissions library panel actions migration"
logger=migrator t=2026-05-25T15:35:11.664711935Z level=info msg="Migration successfully executed" id="managed folder permissions library panel actions migration" duration=165.46µs
logger=migrator t=2026-05-25T15:35:11.665346925Z level=info msg="Executing migration" id="migrate external alertmanagers to datsourcse"
logger=migrator t=2026-05-25T15:35:11.665550275Z level=info msg="Migration successfully executed" id="migrate external alertmanagers to datsourcse" duration=201.62µs
logger=migrator t=2026-05-25T15:35:11.666244715Z level=info msg="Executing migration" id="create folder table"
logger=migrator t=2026-05-25T15:35:11.666730076Z level=info msg="Migration successfully executed" id="create folder table" duration=484.381µs
logger=migrator t=2026-05-25T15:35:11.667458836Z level=info msg="Executing migration" id="Add index for parent_uid"
logger=migrator t=2026-05-25T15:35:11.667949616Z level=info msg="Migration successfully executed" id="Add index for parent_uid" duration=489.98µs
logger=migrator t=2026-05-25T15:35:11.668585547Z level=info msg="Executing migration" id="Add unique index for folder.uid and folder.org_id"
logger=migrator t=2026-05-25T15:35:11.669085827Z level=info msg="Migration successfully executed" id="Add unique index for folder.uid and folder.org_id" duration=499.89µs
logger=migrator t=2026-05-25T15:35:11.669756268Z level=info msg="Executing migration" id="Update folder title length"
logger=migrator t=2026-05-25T15:35:11.669852198Z level=info msg="Migration successfully executed" id="Update folder title length" duration=96.19µs
logger=migrator t=2026-05-25T15:35:11.670499168Z level=info msg="Executing migration" id="Add unique index for folder.title and folder.parent_uid"
logger=migrator t=2026-05-25T15:35:11.670947259Z level=info msg="Migration successfully executed" id="Add unique index for folder.title and folder.parent_uid" duration=447.851µs
logger=migrator t=2026-05-25T15:35:11.671642959Z level=info msg="Executing migration" id="Remove unique index for folder.title and folder.parent_uid"
logger=migrator t=2026-05-25T15:35:11.672136259Z level=info msg="Migration successfully executed" id="Remove unique index for folder.title and folder.parent_uid" duration=492µs
logger=migrator t=2026-05-25T15:35:11.67267113Z level=info msg="Executing migration" id="Add unique index for title, parent_uid, and org_id"
logger=migrator t=2026-05-25T15:35:11.67317357Z level=info msg="Migration successfully executed" id="Add unique index for title, parent_uid, and org_id" duration=502.6µs
logger=migrator t=2026-05-25T15:35:11.673747081Z level=info msg="Executing migration" id="Sync dashboard and folder table"
logger=migrator t=2026-05-25T15:35:11.674082591Z level=info msg="Migration successfully executed" id="Sync dashboard and folder table" duration=333.87µs
logger=migrator t=2026-05-25T15:35:11.674675351Z level=info msg="Executing migration" id="Remove ghost folders from the folder table"
logger=migrator t=2026-05-25T15:35:11.674848921Z level=info msg="Migration successfully executed" id="Remove ghost folders from the folder table" duration=168.99µs
logger=migrator t=2026-05-25T15:35:11.675629932Z level=info msg="Executing migration" id="Remove unique index UQE_folder_uid_org_id"
logger=migrator t=2026-05-25T15:35:11.676079452Z level=info msg="Migration successfully executed" id="Remove unique index UQE_folder_uid_org_id" duration=449.46µs
logger=migrator t=2026-05-25T15:35:11.676683912Z level=info msg="Executing migration" id="Add unique index UQE_folder_org_id_uid"
logger=migrator t=2026-05-25T15:35:11.677165123Z level=info msg="Migration successfully executed" id="Add unique index UQE_folder_org_id_uid" duration=481.241µs
logger=migrator t=2026-05-25T15:35:11.677687863Z level=info msg="Executing migration" id="Remove unique index UQE_folder_title_parent_uid_org_id"
logger=migrator t=2026-05-25T15:35:11.678147073Z level=info msg="Migration successfully executed" id="Remove unique index UQE_folder_title_parent_uid_org_id" duration=458.77µs
logger=migrator t=2026-05-25T15:35:11.678707343Z level=info msg="Executing migration" id="Add unique index UQE_folder_org_id_parent_uid_title"
logger=migrator t=2026-05-25T15:35:11.679265344Z level=info msg="Migration successfully executed" id="Add unique index UQE_folder_org_id_parent_uid_title" duration=557.431µs
logger=migrator t=2026-05-25T15:35:11.679915534Z level=info msg="Executing migration" id="Remove index IDX_folder_parent_uid_org_id"
logger=migrator t=2026-05-25T15:35:11.680314304Z level=info msg="Migration successfully executed" id="Remove index IDX_folder_parent_uid_org_id" duration=398.36µs
logger=migrator t=2026-05-25T15:35:11.680898345Z level=info msg="Executing migration" id="Remove unique index UQE_folder_org_id_parent_uid_title"
logger=migrator t=2026-05-25T15:35:11.681338325Z level=info msg="Migration successfully executed" id="Remove unique index UQE_folder_org_id_parent_uid_title" duration=439.56µs
logger=migrator t=2026-05-25T15:35:11.681961996Z level=info msg="Executing migration" id="Add index IDX_folder_org_id_parent_uid"
logger=migrator t=2026-05-25T15:35:11.682448476Z level=info msg="Migration successfully executed" id="Add index IDX_folder_org_id_parent_uid" duration=486.05µs
logger=migrator t=2026-05-25T15:35:11.683000506Z level=info msg="Executing migration" id="create anon_device table"
logger=migrator t=2026-05-25T15:35:11.683421316Z level=info msg="Migration successfully executed" id="create anon_device table" duration=420.49µs
logger=migrator t=2026-05-25T15:35:11.684066847Z level=info msg="Executing migration" id="add unique index anon_device.device_id"
logger=migrator t=2026-05-25T15:35:11.684570197Z level=info msg="Migration successfully executed" id="add unique index anon_device.device_id" duration=502.27µs
logger=migrator t=2026-05-25T15:35:11.685222877Z level=info msg="Executing migration" id="add index anon_device.updated_at"
logger=migrator t=2026-05-25T15:35:11.685706218Z level=info msg="Migration successfully executed" id="add index anon_device.updated_at" duration=483.051µs
logger=migrator t=2026-05-25T15:35:11.686384708Z level=info msg="Executing migration" id="create signing_key table"
logger=migrator t=2026-05-25T15:35:11.686766748Z level=info msg="Migration successfully executed" id="create signing_key table" duration=382.01µs
logger=migrator t=2026-05-25T15:35:11.687454769Z level=info msg="Executing migration" id="add unique index signing_key.key_id"
logger=migrator t=2026-05-25T15:35:11.687928139Z level=info msg="Migration successfully executed" id="add unique index signing_key.key_id" duration=473.53µs
logger=migrator t=2026-05-25T15:35:11.688529719Z level=info msg="Executing migration" id="set legacy alert migration status in kvstore"
logger=migrator t=2026-05-25T15:35:11.68912344Z level=info msg="Migration successfully executed" id="set legacy alert migration status in kvstore" duration=594.371µs
logger=migrator t=2026-05-25T15:35:11.68966946Z level=info msg="Executing migration" id="migrate record of created folders during legacy migration to kvstore"
logger=migrator t=2026-05-25T15:35:11.68997262Z level=info msg="Migration successfully executed" id="migrate record of created folders during legacy migration to kvstore" duration=302.92µs
logger=migrator t=2026-05-25T15:35:11.690665061Z level=info msg="Executing migration" id="Add folder_uid for dashboard"
logger=migrator t=2026-05-25T15:35:11.692134552Z level=info msg="Migration successfully executed" id="Add folder_uid for dashboard" duration=1.468671ms
logger=migrator t=2026-05-25T15:35:11.692755912Z level=info msg="Executing migration" id="Populate dashboard folder_uid column"
logger=migrator t=2026-05-25T15:35:11.693072872Z level=info msg="Migration successfully executed" id="Populate dashboard folder_uid column" duration=317.23µs
logger=migrator t=2026-05-25T15:35:11.693764152Z level=info msg="Executing migration" id="Add unique index for dashboard_org_id_folder_uid_title"
logger=migrator t=2026-05-25T15:35:11.693854712Z level=info msg="Migration successfully executed" id="Add unique index for dashboard_org_id_folder_uid_title" duration=92.36µs
logger=migrator t=2026-05-25T15:35:11.694494713Z level=info msg="Executing migration" id="Delete unique index for dashboard_org_id_folder_id_title"
logger=migrator t=2026-05-25T15:35:11.694930443Z level=info msg="Migration successfully executed" id="Delete unique index for dashboard_org_id_folder_id_title" duration=434.91µs
logger=migrator t=2026-05-25T15:35:11.696372324Z level=info msg="Executing migration" id="Delete unique index for dashboard_org_id_folder_uid_title"
logger=migrator t=2026-05-25T15:35:11.696627814Z level=info msg="Migration successfully executed" id="Delete unique index for dashboard_org_id_folder_uid_title" duration=255.25µs
logger=migrator t=2026-05-25T15:35:11.698059405Z level=info msg="Executing migration" id="Add unique index for dashboard_org_id_folder_uid_title_is_folder"
logger=migrator t=2026-05-25T15:35:11.698713786Z level=info msg="Migration successfully executed" id="Add unique index for dashboard_org_id_folder_uid_title_is_folder" duration=654.081µs
logger=migrator t=2026-05-25T15:35:11.699605606Z level=info msg="Executing migration" id="Restore index for dashboard_org_id_folder_id_title"
logger=migrator t=2026-05-25T15:35:11.700154486Z level=info msg="Migration successfully executed" id="Restore index for dashboard_org_id_folder_id_title" duration=548.5µs
logger=migrator t=2026-05-25T15:35:11.700958547Z level=info msg="Executing migration" id="Remove unique index for dashboard_org_id_folder_uid_title_is_folder"
logger=migrator t=2026-05-25T15:35:11.701439247Z level=info msg="Migration successfully executed" id="Remove unique index for dashboard_org_id_folder_uid_title_is_folder" duration=477.5µs
logger=migrator t=2026-05-25T15:35:11.702088717Z level=info msg="Executing migration" id="create sso_setting table"
logger=migrator t=2026-05-25T15:35:11.702721848Z level=info msg="Migration successfully executed" id="create sso_setting table" duration=633.891µs
logger=migrator t=2026-05-25T15:35:11.703788038Z level=info msg="Executing migration" id="update settings column to MEDIUMTEXT"
logger=migrator t=2026-05-25T15:35:11.703991058Z level=info msg="Migration successfully executed" id="update settings column to MEDIUMTEXT" duration=210.23µs
logger=migrator t=2026-05-25T15:35:11.704811309Z level=info msg="Executing migration" id="copy kvstore migration status to each org"
logger=migrator t=2026-05-25T15:35:11.705389209Z level=info msg="Migration successfully executed" id="copy kvstore migration status to each org" duration=578.34µs
logger=migrator t=2026-05-25T15:35:11.70605267Z level=info msg="Executing migration" id="add back entry for orgid=0 migrated status"
logger=migrator t=2026-05-25T15:35:11.70634182Z level=info msg="Migration successfully executed" id="add back entry for orgid=0 migrated status" duration=286.01µs
logger=migrator t=2026-05-25T15:35:11.707081541Z level=info msg="Executing migration" id="managed dashboard permissions annotation actions migration"
logger=migrator t=2026-05-25T15:35:11.707428361Z level=info msg="Migration successfully executed" id="managed dashboard permissions annotation actions migration" duration=346.53µs
logger=migrator t=2026-05-25T15:35:11.708238911Z level=info msg="Executing migration" id="create cloud_migration table v1"
logger=migrator t=2026-05-25T15:35:11.708655302Z level=info msg="Migration successfully executed" id="create cloud_migration table v1" duration=416.891µs
logger=migrator t=2026-05-25T15:35:11.709361272Z level=info msg="Executing migration" id="create cloud_migration_run table v1"
logger=migrator t=2026-05-25T15:35:11.709784633Z level=info msg="Migration successfully executed" id="create cloud_migration_run table v1" duration=423.001µs
logger=migrator t=2026-05-25T15:35:11.710388493Z level=info msg="Executing migration" id="add stack_id column"
logger=migrator t=2026-05-25T15:35:11.712180394Z level=info msg="Migration successfully executed" id="add stack_id column" duration=1.792061ms
logger=migrator t=2026-05-25T15:35:11.712850684Z level=info msg="Executing migration" id="add region_slug column"
logger=migrator t=2026-05-25T15:35:11.714420555Z level=info msg="Migration successfully executed" id="add region_slug column" duration=1.569021ms
logger=migrator t=2026-05-25T15:35:11.715039515Z level=info msg="Executing migration" id="add cluster_slug column"
logger=migrator t=2026-05-25T15:35:11.716542946Z level=info msg="Migration successfully executed" id="add cluster_slug column" duration=1.501711ms
logger=migrator t=2026-05-25T15:35:11.717206447Z level=info msg="Executing migration" id="add migration uid column"
logger=migrator t=2026-05-25T15:35:11.718701248Z level=info msg="Migration successfully executed" id="add migration uid column" duration=1.494701ms
logger=migrator t=2026-05-25T15:35:11.719496228Z level=info msg="Executing migration" id="Update uid column values for migration"
logger=migrator t=2026-05-25T15:35:11.719770279Z level=info msg="Migration successfully executed" id="Update uid column values for migration" duration=274.461µs
logger=migrator t=2026-05-25T15:35:11.720427679Z level=info msg="Executing migration" id="Add unique index migration_uid"
logger=migrator t=2026-05-25T15:35:11.720941089Z level=info msg="Migration successfully executed" id="Add unique index migration_uid" duration=513.05µs
logger=migrator t=2026-05-25T15:35:11.721577059Z level=info msg="Executing migration" id="add migration run uid column"
logger=migrator t=2026-05-25T15:35:11.72315086Z level=info msg="Migration successfully executed" id="add migration run uid column" duration=1.573001ms
logger=migrator t=2026-05-25T15:35:11.723813131Z level=info msg="Executing migration" id="Update uid column values for migration run"
logger=migrator t=2026-05-25T15:35:11.723984481Z level=info msg="Migration successfully executed" id="Update uid column values for migration run" duration=171.58µs
logger=migrator t=2026-05-25T15:35:11.724664381Z level=info msg="Executing migration" id="Add unique index migration_run_uid"
logger=migrator t=2026-05-25T15:35:11.725136482Z level=info msg="Migration successfully executed" id="Add unique index migration_run_uid" duration=471.801µs
logger=migrator t=2026-05-25T15:35:11.725807512Z level=info msg="Executing migration" id="Rename table cloud_migration to cloud_migration_session_tmp_qwerty - v1"
logger=migrator t=2026-05-25T15:35:11.729670444Z level=info msg="Migration successfully executed" id="Rename table cloud_migration to cloud_migration_session_tmp_qwerty - v1" duration=3.862802ms
logger=migrator t=2026-05-25T15:35:11.730791405Z level=info msg="Executing migration" id="create cloud_migration_session v2"
logger=migrator t=2026-05-25T15:35:11.731287475Z level=info msg="Migration successfully executed" id="create cloud_migration_session v2" duration=496.93µs
logger=migrator t=2026-05-25T15:35:11.731958116Z level=info msg="Executing migration" id="create index UQE_cloud_migration_session_uid - v2"
logger=migrator t=2026-05-25T15:35:11.732482176Z level=info msg="Migration successfully executed" id="create index UQE_cloud_migration_session_uid - v2" duration=526.08µs
logger=migrator t=2026-05-25T15:35:11.733156346Z level=info msg="Executing migration" id="copy cloud_migration_session v1 to v2"
logger=migrator t=2026-05-25T15:35:11.733502727Z level=info msg="Migration successfully executed" id="copy cloud_migration_session v1 to v2" duration=348.421µs
logger=migrator t=2026-05-25T15:35:11.734060467Z level=info msg="Executing migration" id="drop cloud_migration_session_tmp_qwerty"
logger=migrator t=2026-05-25T15:35:11.734572697Z level=info msg="Migration successfully executed" id="drop cloud_migration_session_tmp_qwerty" duration=514.66µs
logger=migrator t=2026-05-25T15:35:11.735322768Z level=info msg="Executing migration" id="Rename table cloud_migration_run to cloud_migration_snapshot_tmp_qwerty - v1"
logger=migrator t=2026-05-25T15:35:11.73902761Z level=info msg="Migration successfully executed" id="Rename table cloud_migration_run to cloud_migration_snapshot_tmp_qwerty - v1" duration=3.704622ms
logger=migrator t=2026-05-25T15:35:11.73966908Z level=info msg="Executing migration" id="create cloud_migration_snapshot v2"
logger=migrator t=2026-05-25T15:35:11.74008714Z level=info msg="Migration successfully executed" id="create cloud_migration_snapshot v2" duration=418.96µs
logger=migrator t=2026-05-25T15:35:11.740730531Z level=info msg="Executing migration" id="create index UQE_cloud_migration_snapshot_uid - v2"
logger=migrator t=2026-05-25T15:35:11.741269071Z level=info msg="Migration successfully executed" id="create index UQE_cloud_migration_snapshot_uid - v2" duration=535.92µs
logger=migrator t=2026-05-25T15:35:11.741835582Z level=info msg="Executing migration" id="copy cloud_migration_snapshot v1 to v2"
logger=migrator t=2026-05-25T15:35:11.742134532Z level=info msg="Migration successfully executed" id="copy cloud_migration_snapshot v1 to v2" duration=300.66µs
logger=migrator t=2026-05-25T15:35:11.742668662Z level=info msg="Executing migration" id="drop cloud_migration_snapshot_tmp_qwerty"
logger=migrator t=2026-05-25T15:35:11.743177813Z level=info msg="Migration successfully executed" id="drop cloud_migration_snapshot_tmp_qwerty" duration=508.791µs
logger=migrator t=2026-05-25T15:35:11.743861203Z level=info msg="Executing migration" id="add snapshot upload_url column"
logger=migrator t=2026-05-25T15:35:11.745393034Z level=info msg="Migration successfully executed" id="add snapshot upload_url column" duration=1.531771ms
logger=migrator t=2026-05-25T15:35:11.745955215Z level=info msg="Executing migration" id="add snapshot status column"
logger=migrator t=2026-05-25T15:35:11.747510096Z level=info msg="Migration successfully executed" id="add snapshot status column" duration=1.554651ms
logger=migrator t=2026-05-25T15:35:11.748243296Z level=info msg="Executing migration" id="add snapshot local_directory column"
logger=migrator t=2026-05-25T15:35:11.749794287Z level=info msg="Migration successfully executed" id="add snapshot local_directory column" duration=1.552691ms
logger=migrator t=2026-05-25T15:35:11.750343537Z level=info msg="Executing migration" id="add snapshot gms_snapshot_uid column"
logger=migrator t=2026-05-25T15:35:11.751904708Z level=info msg="Migration successfully executed" id="add snapshot gms_snapshot_uid column" duration=1.562261ms
logger=migrator t=2026-05-25T15:35:11.752542308Z level=info msg="Executing migration" id="add snapshot encryption_key column"
logger=migrator t=2026-05-25T15:35:11.75408736Z level=info msg="Migration successfully executed" id="add snapshot encryption_key column" duration=1.546132ms
logger=migrator t=2026-05-25T15:35:11.75468947Z level=info msg="Executing migration" id="add snapshot error_string column"
logger=migrator t=2026-05-25T15:35:11.756173421Z level=info msg="Migration successfully executed" id="add snapshot error_string column" duration=1.482301ms
logger=migrator t=2026-05-25T15:35:11.756808791Z level=info msg="Executing migration" id="create cloud_migration_resource table v1"
logger=migrator t=2026-05-25T15:35:11.757224711Z level=info msg="Migration successfully executed" id="create cloud_migration_resource table v1" duration=418.15µs
logger=migrator t=2026-05-25T15:35:11.757841162Z level=info msg="Executing migration" id="delete cloud_migration_snapshot.result column"
logger=migrator t=2026-05-25T15:35:11.763481205Z level=info msg="Migration successfully executed" id="delete cloud_migration_snapshot.result column" duration=5.640083ms
logger=migrator t=2026-05-25T15:35:11.764112495Z level=info msg="Executing migration" id="add cloud_migration_resource.name column"
logger=migrator t=2026-05-25T15:35:11.765698176Z level=info msg="Migration successfully executed" id="add cloud_migration_resource.name column" duration=1.582861ms
logger=migrator t=2026-05-25T15:35:11.766280956Z level=info msg="Executing migration" id="add cloud_migration_resource.parent_name column"
logger=migrator t=2026-05-25T15:35:11.767825707Z level=info msg="Migration successfully executed" id="add cloud_migration_resource.parent_name column" duration=1.547071ms
logger=migrator t=2026-05-25T15:35:11.769209018Z level=info msg="Executing migration" id="add cloud_migration_session.org_id column"
logger=migrator t=2026-05-25T15:35:11.77138006Z level=info msg="Migration successfully executed" id="add cloud_migration_session.org_id column" duration=2.181212ms
logger=migrator t=2026-05-25T15:35:11.77219771Z level=info msg="Executing migration" id="add cloud_migration_resource.error_code column"
logger=migrator t=2026-05-25T15:35:11.773740271Z level=info msg="Migration successfully executed" id="add cloud_migration_resource.error_code column" duration=1.542231ms
logger=migrator t=2026-05-25T15:35:11.774322931Z level=info msg="Executing migration" id="increase resource_uid column length"
logger=migrator t=2026-05-25T15:35:11.774485701Z level=info msg="Migration successfully executed" id="increase resource_uid column length" duration=167.34µs
logger=migrator t=2026-05-25T15:35:11.775249052Z level=info msg="Executing migration" id="create cloud_migration_snapshot_partition table v1"
logger=migrator t=2026-05-25T15:35:11.775694702Z level=info msg="Migration successfully executed" id="create cloud_migration_snapshot_partition table v1" duration=445.3µs
logger=migrator t=2026-05-25T15:35:11.776308713Z level=info msg="Executing migration" id="add cloud_migration_snapshot_partition srp_unique index"
logger=migrator t=2026-05-25T15:35:11.776905023Z level=info msg="Migration successfully executed" id="add cloud_migration_snapshot_partition srp_unique index" duration=596.53µs
logger=migrator t=2026-05-25T15:35:11.777562113Z level=info msg="Executing migration" id="add resource_storage_type column to cloud_migration_snapshot table"
logger=migrator t=2026-05-25T15:35:11.779564275Z level=info msg="Migration successfully executed" id="add resource_storage_type column to cloud_migration_snapshot table" duration=1.966262ms
logger=migrator t=2026-05-25T15:35:11.781085206Z level=info msg="Executing migration" id="add encryption_algo column to cloud_migration_snapshot table"
logger=migrator t=2026-05-25T15:35:11.784490978Z level=info msg="Migration successfully executed" id="add encryption_algo column to cloud_migration_snapshot table" duration=3.405132ms
logger=migrator t=2026-05-25T15:35:11.785654649Z level=info msg="Executing migration" id="add metadata column to cloud_migration_snapshot table"
logger=migrator t=2026-05-25T15:35:11.788819341Z level=info msg="Migration successfully executed" id="add metadata column to cloud_migration_snapshot table" duration=3.163702ms
logger=migrator t=2026-05-25T15:35:11.789921421Z level=info msg="Executing migration" id="add public_key column to cloud_migration_snapshot table"
logger=migrator t=2026-05-25T15:35:11.793794703Z level=info msg="Migration successfully executed" id="add public_key column to cloud_migration_snapshot table" duration=3.873392ms
logger=migrator t=2026-05-25T15:35:11.794904624Z level=info msg="Executing migration" id="drop my_row_id and add primary key with columns snapshot_uid,resource_type,partition_number to table cloud_migration_snapshot_partition if my_row_id exists (auto-generated mysql column)"
logger=migrator t=2026-05-25T15:35:11.795314014Z level=warn msg="Skipping migration: Already executed, but not recorded in migration log" id="drop my_row_id and add primary key with columns snapshot_uid,resource_type,partition_number to table cloud_migration_snapshot_partition if my_row_id exists (auto-generated mysql column)"
logger=migrator t=2026-05-25T15:35:11.796618635Z level=info msg="Executing migration" id="drop unique index UQE_cloud_migration_snapshot_partition_srp_unique from cloud_migration_snapshot_partition table if it exists (mysql)"
logger=migrator t=2026-05-25T15:35:11.797022235Z level=info msg="Migration successfully executed" id="drop unique index UQE_cloud_migration_snapshot_partition_srp_unique from cloud_migration_snapshot_partition table if it exists (mysql)" duration=404.5µs
logger=migrator t=2026-05-25T15:35:11.798125146Z level=info msg="Executing migration" id="add primary key with columns snapshot_uid,resource_type,partition_number to table cloud_migration_snapshot_partition if it doesn't exist (mysql)"
logger=migrator t=2026-05-25T15:35:11.798333246Z level=info msg="Migration successfully executed" id="add primary key with columns snapshot_uid,resource_type,partition_number to table cloud_migration_snapshot_partition if it doesn't exist (mysql)" duration=209.33µs
logger=migrator t=2026-05-25T15:35:11.799443627Z level=info msg="Executing migration" id="add primary key with columns snapshot_uid,resource_type,partition_number to table cloud_migration_snapshot_partition (postgres and sqlite)"
logger=migrator t=2026-05-25T15:35:11.803865039Z level=info msg="Migration successfully executed" id="add primary key with columns snapshot_uid,resource_type,partition_number to table cloud_migration_snapshot_partition (postgres and sqlite)" duration=4.420862ms
logger=migrator t=2026-05-25T15:35:11.80495318Z level=info msg="Executing migration" id="alter kv_store.value to longtext"
logger=migrator t=2026-05-25T15:35:11.80512493Z level=info msg="Migration successfully executed" id="alter kv_store.value to longtext" duration=172.15µs
logger=migrator t=2026-05-25T15:35:11.805853201Z level=info msg="Executing migration" id="add notification_settings column to alert_rule table"
logger=migrator t=2026-05-25T15:35:11.807420852Z level=info msg="Migration successfully executed" id="add notification_settings column to alert_rule table" duration=1.566951ms
logger=migrator t=2026-05-25T15:35:11.808104322Z level=info msg="Executing migration" id="add notification_settings column to alert_rule_version table"
logger=migrator t=2026-05-25T15:35:11.809628753Z level=info msg="Migration successfully executed" id="add notification_settings column to alert_rule_version table" duration=1.524211ms
logger=migrator t=2026-05-25T15:35:11.810268763Z level=info msg="Executing migration" id="removing scope from alert.instances:read action migration"
logger=migrator t=2026-05-25T15:35:11.810534323Z level=info msg="Migration successfully executed" id="removing scope from alert.instances:read action migration" duration=268.36µs
logger=migrator t=2026-05-25T15:35:11.811348784Z level=info msg="Executing migration" id="replacing annotations:* scope with annotations:type:organization scope"
logger=migrator t=2026-05-25T15:35:11.811770924Z level=info msg="Migration successfully executed" id="replacing annotations:* scope with annotations:type:organization scope" duration=423.52µs
logger=migrator t=2026-05-25T15:35:11.812419015Z level=info msg="Executing migration" id="managed folder permissions alerting silences actions migration"
logger=migrator t=2026-05-25T15:35:11.812659555Z level=info msg="Migration successfully executed" id="managed folder permissions alerting silences actions migration" duration=241.11µs
logger=migrator t=2026-05-25T15:35:11.813361985Z level=info msg="Executing migration" id="add record column to alert_rule table"
logger=migrator t=2026-05-25T15:35:11.814963506Z level=info msg="Migration successfully executed" id="add record column to alert_rule table" duration=1.601671ms
logger=migrator t=2026-05-25T15:35:11.815671397Z level=info msg="Executing migration" id="add record column to alert_rule_version table"
logger=migrator t=2026-05-25T15:35:11.817259668Z level=info msg="Migration successfully executed" id="add record column to alert_rule_version table" duration=1.588231ms
logger=migrator t=2026-05-25T15:35:11.817853278Z level=info msg="Executing migration" id="add resolved_at column to alert_instance table"
logger=migrator t=2026-05-25T15:35:11.819362489Z level=info msg="Migration successfully executed" id="add resolved_at column to alert_instance table" duration=1.508951ms
logger=migrator t=2026-05-25T15:35:11.82005502Z level=info msg="Executing migration" id="add last_sent_at column to alert_instance table"
logger=migrator t=2026-05-25T15:35:11.82154865Z level=info msg="Migration successfully executed" id="add last_sent_at column to alert_instance table" duration=1.49386ms
logger=migrator t=2026-05-25T15:35:11.822139801Z level=info msg="Executing migration" id="Add scope to alert.notifications.receivers:read and alert.notifications.receivers.secrets:read"
logger=migrator t=2026-05-25T15:35:11.822409491Z level=info msg="Migration successfully executed" id="Add scope to alert.notifications.receivers:read and alert.notifications.receivers.secrets:read" duration=269.98µs
logger=migrator t=2026-05-25T15:35:11.823073311Z level=info msg="Executing migration" id="add metadata column to alert_rule table"
logger=migrator t=2026-05-25T15:35:11.824631812Z level=info msg="Migration successfully executed" id="add metadata column to alert_rule table" duration=1.558111ms
logger=migrator t=2026-05-25T15:35:11.825245413Z level=info msg="Executing migration" id="add metadata column to alert_rule_version table"
logger=migrator t=2026-05-25T15:35:11.826756714Z level=info msg="Migration successfully executed" id="add metadata column to alert_rule_version table" duration=1.510901ms
logger=migrator t=2026-05-25T15:35:11.827469214Z level=info msg="Executing migration" id="delete orphaned service account permissions"
logger=migrator t=2026-05-25T15:35:11.827713904Z level=info msg="Migration successfully executed" id="delete orphaned service account permissions" duration=245.31µs
logger=migrator t=2026-05-25T15:35:11.829793415Z level=info msg="Executing migration" id="adding action set permissions"
logger=migrator t=2026-05-25T15:35:11.830316396Z level=info msg="Migration successfully executed" id="adding action set permissions" duration=526.541µs
logger=migrator t=2026-05-25T15:35:11.831219026Z level=info msg="Executing migration" id="create user_external_session table"
logger=migrator t=2026-05-25T15:35:11.831797337Z level=info msg="Migration successfully executed" id="create user_external_session table" duration=578.001µs
logger=migrator t=2026-05-25T15:35:11.832395387Z level=info msg="Executing migration" id="increase name_id column length to 1024"
logger=migrator t=2026-05-25T15:35:11.832590677Z level=info msg="Migration successfully executed" id="increase name_id column length to 1024" duration=194.94µs
logger=migrator t=2026-05-25T15:35:11.833254228Z level=info msg="Executing migration" id="increase session_id column length to 1024"
logger=migrator t=2026-05-25T15:35:11.833413728Z level=info msg="Migration successfully executed" id="increase session_id column length to 1024" duration=159.26µs
logger=migrator t=2026-05-25T15:35:11.834078448Z level=info msg="Executing migration" id="remove scope from alert.notifications.receivers:create"
logger=migrator t=2026-05-25T15:35:11.834318558Z level=info msg="Migration successfully executed" id="remove scope from alert.notifications.receivers:create" duration=240.04µs
logger=migrator t=2026-05-25T15:35:11.835039669Z level=info msg="Executing migration" id="add created_by column to alert_rule_version table"
logger=migrator t=2026-05-25T15:35:11.83681011Z level=info msg="Migration successfully executed" id="add created_by column to alert_rule_version table" duration=1.772511ms
logger=migrator t=2026-05-25T15:35:11.83746972Z level=info msg="Executing migration" id="add updated_by column to alert_rule table"
logger=migrator t=2026-05-25T15:35:11.839029831Z level=info msg="Migration successfully executed" id="add updated_by column to alert_rule table" duration=1.560131ms
logger=migrator t=2026-05-25T15:35:11.839781461Z level=info msg="Executing migration" id="add alert_rule_state table"
logger=migrator t=2026-05-25T15:35:11.840226812Z level=info msg="Migration successfully executed" id="add alert_rule_state table" duration=445.641µs
logger=migrator t=2026-05-25T15:35:11.840853582Z level=info msg="Executing migration" id="add index to alert_rule_state on org_id and rule_uid columns"
logger=migrator t=2026-05-25T15:35:11.841352392Z level=info msg="Migration successfully executed" id="add index to alert_rule_state on org_id and rule_uid columns" duration=498.46µs
logger=migrator t=2026-05-25T15:35:11.842021913Z level=info msg="Executing migration" id="add guid column to alert_rule table"
logger=migrator t=2026-05-25T15:35:11.843660804Z level=info msg="Migration successfully executed" id="add guid column to alert_rule table" duration=1.637981ms
logger=migrator t=2026-05-25T15:35:11.844295224Z level=info msg="Executing migration" id="add rule_guid column to alert_rule_version table"
logger=migrator t=2026-05-25T15:35:11.845872725Z level=info msg="Migration successfully executed" id="add rule_guid column to alert_rule_version table" duration=1.577301ms
logger=migrator t=2026-05-25T15:35:11.846418345Z level=info msg="Executing migration" id="cleanup alert_rule_version table"
logger=migrator t=2026-05-25T15:35:11.846604075Z level=info msg="Rule version record limit is not set, fallback to 100" limit=0
logger=migrator t=2026-05-25T15:35:11.846857245Z level=info msg="Cleaning up table `alert_rule_version`" batchSize=50 batches=0 keepVersions=100
logger=migrator t=2026-05-25T15:35:11.846964585Z level=info msg="Migration successfully executed" id="cleanup alert_rule_version table" duration=546.4µs
logger=migrator t=2026-05-25T15:35:11.847656896Z level=info msg="Executing migration" id="populate rule guid in alert rule table"
logger=migrator t=2026-05-25T15:35:11.847970066Z level=info msg="Migration successfully executed" id="populate rule guid in alert rule table" duration=310.61µs
logger=migrator t=2026-05-25T15:35:11.848655717Z level=info msg="Executing migration" id="drop index in alert_rule_version table on rule_org_id, rule_uid and version columns"
logger=migrator t=2026-05-25T15:35:11.849217177Z level=info msg="Migration successfully executed" id="drop index in alert_rule_version table on rule_org_id, rule_uid and version columns" duration=561.54µs
logger=migrator t=2026-05-25T15:35:11.849800357Z level=info msg="Executing migration" id="add index in alert_rule_version table on rule_org_id, rule_uid, rule_guid and version columns"
logger=migrator t=2026-05-25T15:35:11.850290088Z level=info msg="Migration successfully executed" id="add index in alert_rule_version table on rule_org_id, rule_uid, rule_guid and version columns" duration=489.361µs
logger=migrator t=2026-05-25T15:35:11.850867078Z level=info msg="Executing migration" id="add index in alert_rule_version table on rule_guid and version columns"
logger=migrator t=2026-05-25T15:35:11.851416499Z level=info msg="Migration successfully executed" id="add index in alert_rule_version table on rule_guid and version columns" duration=549.201µs
logger=migrator t=2026-05-25T15:35:11.852141079Z level=info msg="Executing migration" id="add index in alert_rule table on guid columns"
logger=migrator t=2026-05-25T15:35:11.852604869Z level=info msg="Migration successfully executed" id="add index in alert_rule table on guid columns" duration=463.34µs
logger=migrator t=2026-05-25T15:35:11.853224569Z level=info msg="Executing migration" id="add keep_firing_for column to alert_rule"
logger=migrator t=2026-05-25T15:35:11.85482501Z level=info msg="Migration successfully executed" id="add keep_firing_for column to alert_rule" duration=1.598321ms
logger=migrator t=2026-05-25T15:35:11.855506011Z level=info msg="Executing migration" id="add keep_firing_for column to alert_rule_version"
logger=migrator t=2026-05-25T15:35:11.857091402Z level=info msg="Migration successfully executed" id="add keep_firing_for column to alert_rule_version" duration=1.583901ms
logger=migrator t=2026-05-25T15:35:11.857704532Z level=info msg="Executing migration" id="add missing_series_evals_to_resolve column to alert_rule"
logger=migrator t=2026-05-25T15:35:11.859286513Z level=info msg="Migration successfully executed" id="add missing_series_evals_to_resolve column to alert_rule" duration=1.582391ms
logger=migrator t=2026-05-25T15:35:11.859909614Z level=info msg="Executing migration" id="add missing_series_evals_to_resolve column to alert_rule_version"
logger=migrator t=2026-05-25T15:35:11.861451445Z level=info msg="Migration successfully executed" id="add missing_series_evals_to_resolve column to alert_rule_version" duration=1.542141ms
logger=migrator t=2026-05-25T15:35:11.862044715Z level=info msg="Executing migration" id="remove the datasources:drilldown action"
logger=migrator t=2026-05-25T15:35:11.862221275Z level=info msg="Removed 0 datasources:drilldown permissions"
logger=migrator t=2026-05-25T15:35:11.862371756Z level=info msg="Migration successfully executed" id="remove the datasources:drilldown action" duration=327.111µs
logger=migrator t=2026-05-25T15:35:11.863011306Z level=info msg="Executing migration" id="remove title in folder unique index"
logger=migrator t=2026-05-25T15:35:11.863502436Z level=info msg="Migration successfully executed" id="remove title in folder unique index" duration=491.49µs
logger=migrator t=2026-05-25T15:35:11.864171417Z level=info msg="Executing migration" id="add fired_at column to alert_instance table"
logger=migrator t=2026-05-25T15:35:11.865658787Z level=info msg="Migration successfully executed" id="add fired_at column to alert_instance table" duration=1.48734ms
logger=migrator t=2026-05-25T15:35:11.866230648Z level=info msg="Executing migration" id="ensure rule_group column is case sensitive in returned results"
logger=migrator t=2026-05-25T15:35:11.866361848Z level=info msg="Migration successfully executed" id="ensure rule_group column is case sensitive in returned results" duration=131.76µs
logger=migrator t=2026-05-25T15:35:11.867033058Z level=info msg="Executing migration" id="expand created_by in alert_rule_version table"
logger=migrator t=2026-05-25T15:35:11.867250178Z level=info msg="Migration successfully executed" id="expand created_by in alert_rule_version table" duration=217.24µs
logger=migrator t=2026-05-25T15:35:11.867939939Z level=info msg="Executing migration" id="expand updated_by in alert_rule table"
logger=migrator t=2026-05-25T15:35:11.868112549Z level=info msg="Migration successfully executed" id="expand updated_by in alert_rule table" duration=172.39µs
logger=migrator t=2026-05-25T15:35:11.868768429Z level=info msg="Executing migration" id="add index in alert_rule on org_id, namespace_uid, rule_group and rule_group_idx columns"
logger=migrator t=2026-05-25T15:35:11.8701553Z level=info msg="Migration successfully executed" id="add index in alert_rule on org_id, namespace_uid, rule_group and rule_group_idx columns" duration=1.382881ms
logger=migrator t=2026-05-25T15:35:11.871247591Z level=info msg="Executing migration" id="add annotations column to alert_instance table"
logger=migrator t=2026-05-25T15:35:11.873057182Z level=info msg="Migration successfully executed" id="add annotations column to alert_instance table" duration=1.809851ms
logger=migrator t=2026-05-25T15:35:11.873650912Z level=info msg="Executing migration" id="ensure namespace_uid column sorts the same way as golang"
logger=migrator t=2026-05-25T15:35:11.873747252Z level=info msg="Migration successfully executed" id="ensure namespace_uid column sorts the same way as golang" duration=95.31µs
logger=migrator t=2026-05-25T15:35:11.874353212Z level=info msg="Executing migration" id="ensure rule_group column sorts the same way as golang"
logger=migrator t=2026-05-25T15:35:11.874523082Z level=info msg="Migration successfully executed" id="ensure rule_group column sorts the same way as golang" duration=169.75µs
logger=migrator t=2026-05-25T15:35:11.875267923Z level=info msg="Executing migration" id="add 'alert.notifications.receivers.protected:write' to receiver admins"
logger=migrator t=2026-05-25T15:35:11.875586513Z level=info msg="Migration successfully executed" id="add 'alert.notifications.receivers.protected:write' to receiver admins" duration=315.53µs
logger=migrator t=2026-05-25T15:35:11.876185173Z level=info msg="Executing migration" id="add evaluation_duration_ns column to alert_instance table"
logger=migrator t=2026-05-25T15:35:11.877702545Z level=info msg="Migration successfully executed" id="add evaluation_duration_ns column to alert_instance table" duration=1.517242ms
logger=migrator t=2026-05-25T15:35:11.878238725Z level=info msg="Executing migration" id="add last_error column to alert_instance table"
logger=migrator t=2026-05-25T15:35:11.879750656Z level=info msg="Migration successfully executed" id="add last_error column to alert_instance table" duration=1.512831ms
logger=migrator t=2026-05-25T15:35:11.880370726Z level=info msg="Executing migration" id="add last_result column to alert_instance table"
logger=migrator t=2026-05-25T15:35:11.881855157Z level=info msg="Migration successfully executed" id="add last_result column to alert_instance table" duration=1.484761ms
logger=migrator t=2026-05-25T15:35:11.882391297Z level=info msg="Executing migration" id="add 'alert.notifications.receivers.test:create' to managed roles"
logger=migrator t=2026-05-25T15:35:11.882647357Z level=info msg="Migration successfully executed" id="add 'alert.notifications.receivers.test:create' to managed roles" duration=252.29µs
logger=migrator t=2026-05-25T15:35:11.883371538Z level=info msg="Executing migration" id="add folder_fullpath column to alert_rule"
logger=migrator t=2026-05-25T15:35:11.884874679Z level=info msg="Migration successfully executed" id="add folder_fullpath column to alert_rule" duration=1.499781ms
logger=migrator t=2026-05-25T15:35:11.885361069Z level=info msg="Executing migration" id="add index on folder_fullpath in alert_rule"
logger=migrator t=2026-05-25T15:35:11.885808449Z level=info msg="Migration successfully executed" id="add index on folder_fullpath in alert_rule" duration=447µs
logger=migrator t=2026-05-25T15:35:11.88638084Z level=info msg="Executing migration" id="add alert_routing column to alert_rule table"
logger=migrator t=2026-05-25T15:35:11.888028581Z level=info msg="Migration successfully executed" id="add alert_routing column to alert_rule table" duration=1.647871ms
logger=migrator t=2026-05-25T15:35:11.888578701Z level=info msg="Executing migration" id="add alert_routing column to alert_rule_version table"
logger=migrator t=2026-05-25T15:35:11.890149392Z level=info msg="Migration successfully executed" id="add alert_routing column to alert_rule_version table" duration=1.570321ms
logger=migrator t=2026-05-25T15:35:11.890656592Z level=info msg="Executing migration" id="grant basic roles access to default notification policy"
logger=migrator t=2026-05-25T15:35:11.890950612Z level=info msg="No managed roles found for editor/viewer, skipping default notification policy permissions"
logger=migrator t=2026-05-25T15:35:11.891083912Z level=info msg="Migration successfully executed" id="grant basic roles access to default notification policy" duration=427.76µs
logger=migrator t=2026-05-25T15:35:11.891704993Z level=info msg="migrations completed" performed=710 skipped=0 duration=960.654914ms
logger=migrator t=2026-05-25T15:35:11.892023003Z level=info msg="Unlocking database"
logger=sqlstore t=2026-05-25T15:35:11.898574788Z level=info msg="Created default admin" user=admin
logger=sqlstore t=2026-05-25T15:35:11.898820318Z level=info msg="Created default organization"
logger=secrets t=2026-05-25T15:35:11.899561758Z level=info msg="Envelope encryption state" currentprovider=secretKey.v1
logger=plugin.angulardetectorsprovider.dynamic t=2026-05-25T15:35:12.010453595Z level=info msg="Restored cache from database" duration=374.56µs
logger=accesscontrol.service t=2026-05-25T15:35:12.011892646Z level=info msg="Starting migration to remove deprecated permissions" migration=removeDeprecatedPermissions
logger=accesscontrol.service t=2026-05-25T15:35:12.012286757Z level=info msg="Completed migration to remove deprecated permissions" migration=removeDeprecatedPermissions totalRemoved=0 duration=392.391µs
logger=plugin.store t=2026-05-25T15:35:12.012642457Z level=info msg="Loading plugins..."
logger=plugins.registration t=2026-05-25T15:35:12.213951039Z level=info msg="Plugin registered" pluginId=elasticsearch
logger=plugin.store t=2026-05-25T15:35:12.214137059Z level=info msg="Plugins loaded" count=52 duration=201.497912ms
logger=authz-grpc-server t=2026-05-25T15:35:12.214581169Z level=info msg="cache ttl is 0, using noop cache"
logger=authz-grpc-server t=2026-05-25T15:35:12.214729079Z level=info msg="cache ttl is 0, using noop cache"
logger=authz-grpc-server t=2026-05-25T15:35:12.21481631Z level=info msg="cache ttl is 0, using noop cache"
logger=authz-grpc-server t=2026-05-25T15:35:12.21490839Z level=info msg="cache ttl is 0, using noop cache"
logger=authz-grpc-server t=2026-05-25T15:35:12.2150298Z level=info msg="cache ttl is 0, using noop cache"
logger=secret-migrator t=2026-05-25T15:35:12.21570186Z level=info msg="Locking database"
logger=secret-migrator t=2026-05-25T15:35:12.21583006Z level=info msg="Starting DB migrations"
logger=secret-migrator t=2026-05-25T15:35:12.217415511Z level=info msg="Executing migration" id="create secret_migration_log table"
logger=secret-migrator t=2026-05-25T15:35:12.217907312Z level=info msg="Migration successfully executed" id="create secret_migration_log table" duration=491.061µs
logger=secret-migrator t=2026-05-25T15:35:12.218823932Z level=info msg="Executing migration" id="Initialize secrets tables"
logger=secret-migrator t=2026-05-25T15:35:12.218925212Z level=info msg="Migration successfully executed" id="Initialize secrets tables" duration=103.15µs
logger=secret-migrator t=2026-05-25T15:35:12.219791273Z level=info msg="Executing migration" id="drop table secret_secure_value"
logger=secret-migrator t=2026-05-25T15:35:12.219936153Z level=info msg="Migration successfully executed" id="drop table secret_secure_value" duration=145.12µs
logger=secret-migrator t=2026-05-25T15:35:12.220603883Z level=info msg="Executing migration" id="create table secret_secure_value"
logger=secret-migrator t=2026-05-25T15:35:12.221091233Z level=info msg="Migration successfully executed" id="create table secret_secure_value" duration=485.12µs
logger=secret-migrator t=2026-05-25T15:35:12.221763654Z level=info msg="Executing migration" id="create table secret_secure_value, index: 0"
logger=secret-migrator t=2026-05-25T15:35:12.222254944Z level=info msg="Migration successfully executed" id="create table secret_secure_value, index: 0" duration=490.99µs
logger=secret-migrator t=2026-05-25T15:35:12.222882194Z level=info msg="Executing migration" id="create table secret_secure_value, index: 1"
logger=secret-migrator t=2026-05-25T15:35:12.223334715Z level=info msg="Migration successfully executed" id="create table secret_secure_value, index: 1" duration=451.601µs
logger=secret-migrator t=2026-05-25T15:35:12.223967275Z level=info msg="Executing migration" id="drop table secret_keeper"
logger=secret-migrator t=2026-05-25T15:35:12.224100745Z level=info msg="Migration successfully executed" id="drop table secret_keeper" duration=134.15µs
logger=secret-migrator t=2026-05-25T15:35:12.224726706Z level=info msg="Executing migration" id="create table secret_keeper"
logger=secret-migrator t=2026-05-25T15:35:12.225146416Z level=info msg="Migration successfully executed" id="create table secret_keeper" duration=420.17µs
logger=secret-migrator t=2026-05-25T15:35:12.225819876Z level=info msg="Executing migration" id="create table secret_keeper, index: 0"
logger=secret-migrator t=2026-05-25T15:35:12.226297207Z level=info msg="Migration successfully executed" id="create table secret_keeper, index: 0" duration=474.241µs
logger=secret-migrator t=2026-05-25T15:35:12.226872497Z level=info msg="Executing migration" id="drop table secret_data_key"
logger=secret-migrator t=2026-05-25T15:35:12.227046727Z level=info msg="Migration successfully executed" id="drop table secret_data_key" duration=172.19µs
logger=secret-migrator t=2026-05-25T15:35:12.227756638Z level=info msg="Executing migration" id="create table secret_data_key"
logger=secret-migrator t=2026-05-25T15:35:12.228235788Z level=info msg="Migration successfully executed" id="create table secret_data_key" duration=478.38µs
logger=secret-migrator t=2026-05-25T15:35:12.228856499Z level=info msg="Executing migration" id="drop table secret_encrypted_value"
logger=secret-migrator t=2026-05-25T15:35:12.229012119Z level=info msg="Migration successfully executed" id="drop table secret_encrypted_value" duration=156.32µs
logger=secret-migrator t=2026-05-25T15:35:12.229602069Z level=info msg="Executing migration" id="create table secret_encrypted_value"
logger=secret-migrator t=2026-05-25T15:35:12.229988409Z level=info msg="Migration successfully executed" id="create table secret_encrypted_value" duration=385.57µs
logger=secret-migrator t=2026-05-25T15:35:12.23060917Z level=info msg="Executing migration" id="create table secret_encrypted_value, index: 0"
logger=secret-migrator t=2026-05-25T15:35:12.23109597Z level=info msg="Migration successfully executed" id="create table secret_encrypted_value, index: 0" duration=487.23µs
logger=secret-migrator t=2026-05-25T15:35:12.2317324Z level=info msg="Executing migration" id="create index for list on secret_secure_value"
logger=secret-migrator t=2026-05-25T15:35:12.232168891Z level=info msg="Migration successfully executed" id="create index for list on secret_secure_value" duration=436.001µs
logger=secret-migrator t=2026-05-25T15:35:12.232779621Z level=info msg="Executing migration" id="create index for list and read current on secret_data_key"
logger=secret-migrator t=2026-05-25T15:35:12.233244991Z level=info msg="Migration successfully executed" id="create index for list and read current on secret_data_key" duration=465.05µs
logger=secret-migrator t=2026-05-25T15:35:12.233826951Z level=info msg="Executing migration" id="add owner_reference_api_group column to secret_secure_value"
logger=secret-migrator t=2026-05-25T15:35:12.235662012Z level=info msg="Migration successfully executed" id="add owner_reference_api_group column to secret_secure_value" duration=1.834321ms
logger=secret-migrator t=2026-05-25T15:35:12.236308073Z level=info msg="Executing migration" id="add owner_reference_api_version column to secret_secure_value"
logger=secret-migrator t=2026-05-25T15:35:12.237976354Z level=info msg="Migration successfully executed" id="add owner_reference_api_version column to secret_secure_value" duration=1.667791ms
logger=secret-migrator t=2026-05-25T15:35:12.238570575Z level=info msg="Executing migration" id="add owner_reference_kind column to secret_secure_value"
logger=secret-migrator t=2026-05-25T15:35:12.240187395Z level=info msg="Migration successfully executed" id="add owner_reference_kind column to secret_secure_value" duration=1.61653ms
logger=secret-migrator t=2026-05-25T15:35:12.240824426Z level=info msg="Executing migration" id="add owner_reference_name column to secret_secure_value"
logger=secret-migrator t=2026-05-25T15:35:12.242433266Z level=info msg="Migration successfully executed" id="add owner_reference_name column to secret_secure_value" duration=1.60786ms
logger=secret-migrator t=2026-05-25T15:35:12.243088177Z level=info msg="Executing migration" id="add lease_token column to secret_secure_value"
logger=secret-migrator t=2026-05-25T15:35:12.244763028Z level=info msg="Migration successfully executed" id="add lease_token column to secret_secure_value" duration=1.674551ms
logger=secret-migrator t=2026-05-25T15:35:12.245381918Z level=info msg="Executing migration" id="add lease_token index to secret_secure_value"
logger=secret-migrator t=2026-05-25T15:35:12.245899909Z level=info msg="Migration successfully executed" id="add lease_token index to secret_secure_value" duration=518.761µs
logger=secret-migrator t=2026-05-25T15:35:12.246535299Z level=info msg="Executing migration" id="add lease_created column to secret_secure_value"
logger=secret-migrator t=2026-05-25T15:35:12.24835787Z level=info msg="Migration successfully executed" id="add lease_created column to secret_secure_value" duration=1.821561ms
logger=secret-migrator t=2026-05-25T15:35:12.249003611Z level=info msg="Executing migration" id="add lease_created index to secret_secure_value"
logger=secret-migrator t=2026-05-25T15:35:12.249496701Z level=info msg="Migration successfully executed" id="add lease_created index to secret_secure_value" duration=491.42µs
logger=secret-migrator t=2026-05-25T15:35:12.250175441Z level=info msg="Executing migration" id="add data_key_id column to secret_encrypted_value"
logger=secret-migrator t=2026-05-25T15:35:12.251815272Z level=info msg="Migration successfully executed" id="add data_key_id column to secret_encrypted_value" duration=1.639451ms
logger=secret-migrator t=2026-05-25T15:35:12.252464993Z level=info msg="Executing migration" id="add data_key_id index to secret_encrypted_value"
logger=secret-migrator t=2026-05-25T15:35:12.252966973Z level=info msg="Migration successfully executed" id="add data_key_id index to secret_encrypted_value" duration=501.43µs
logger=secret-migrator t=2026-05-25T15:35:12.253605413Z level=info msg="Executing migration" id="add active column to secret_keeper"
logger=secret-migrator t=2026-05-25T15:35:12.255283205Z level=info msg="Migration successfully executed" id="add active column to secret_keeper" duration=1.678552ms
logger=secret-migrator t=2026-05-25T15:35:12.255923215Z level=info msg="Executing migration" id="add active column index to secret_keeper"
logger=secret-migrator t=2026-05-25T15:35:12.256418225Z level=info msg="Migration successfully executed" id="add active column index to secret_keeper" duration=494.17µs
logger=secret-migrator t=2026-05-25T15:35:12.257085095Z level=info msg="Executing migration" id="set secret_secure_value.keeper to 'system' where keeper is null in secret_secure_value"
logger=secret-migrator t=2026-05-25T15:35:12.257251135Z level=info msg="Migration successfully executed" id="set secret_secure_value.keeper to 'system' where keeper is null in secret_secure_value" duration=164.74µs
logger=secret-migrator t=2026-05-25T15:35:12.257935386Z level=info msg="Executing migration" id="drop my_row_id and add primary key with columns namespace,name,version to table secret_encrypted_value if my_row_id exists (auto-generated mysql column)"
logger=secret-migrator t=2026-05-25T15:35:12.258148836Z level=warn msg="Skipping migration: Already executed, but not recorded in migration log" id="drop my_row_id and add primary key with columns namespace,name,version to table secret_encrypted_value if my_row_id exists (auto-generated mysql column)"
logger=secret-migrator t=2026-05-25T15:35:12.259078996Z level=info msg="Executing migration" id="drop unique index UQE_secret_encrypted_value_namespace_name_version from secret_encrypted_value table if it exists (mysql)"
logger=secret-migrator t=2026-05-25T15:35:12.259331177Z level=info msg="Migration successfully executed" id="drop unique index UQE_secret_encrypted_value_namespace_name_version from secret_encrypted_value table if it exists (mysql)" duration=252.161µs
logger=secret-migrator t=2026-05-25T15:35:12.260034367Z level=info msg="Executing migration" id="add primary key with columns namespace,name,version to table secret_encrypted_value if it doesn't exist (mysql)"
logger=secret-migrator t=2026-05-25T15:35:12.260180177Z level=info msg="Migration successfully executed" id="add primary key with columns namespace,name,version to table secret_encrypted_value if it doesn't exist (mysql)" duration=145.08µs
logger=secret-migrator t=2026-05-25T15:35:12.261052188Z level=info msg="Executing migration" id="add primary key with columns namespace,name,version to table secret_encrypted_value (postgres and sqlite)"
logger=secret-migrator t=2026-05-25T15:35:12.265864041Z level=info msg="Migration successfully executed" id="add primary key with columns namespace,name,version to table secret_encrypted_value (postgres and sqlite)" duration=4.810553ms
logger=secret-migrator t=2026-05-25T15:35:12.266609972Z level=info msg="migrations completed" performed=33 skipped=0 duration=49.230811ms
logger=secret-migrator t=2026-05-25T15:35:12.266969902Z level=info msg="Unlocking database"
logger=resource-db t=2026-05-25T15:35:12.269301373Z level=info msg="Using database section" db_type=sqlite3
logger=resource-db t=2026-05-25T15:35:12.269460783Z level=info msg="Initializing Resource DB" db_type=sqlite3 open_conn=0 in_use_conn=0 idle_conn=0 max_open_conn=0
logger=resource-migrator t=2026-05-25T15:35:12.269912483Z level=info msg="Locking database"
logger=resource-migrator t=2026-05-25T15:35:12.270024773Z level=info msg="Starting DB migrations"
logger=resource-migrator t=2026-05-25T15:35:12.272796615Z level=info msg="Executing migration" id="create resource_migration_log table"
logger=resource-migrator t=2026-05-25T15:35:12.273304256Z level=info msg="Migration successfully executed" id="create resource_migration_log table" duration=508.181µs
logger=resource-migrator t=2026-05-25T15:35:12.274138166Z level=info msg="Executing migration" id="Initialize resource tables"
logger=resource-migrator t=2026-05-25T15:35:12.274278836Z level=info msg="Migration successfully executed" id="Initialize resource tables" duration=141.78µs
logger=resource-migrator t=2026-05-25T15:35:12.274928187Z level=info msg="Executing migration" id="drop table resource"
logger=resource-migrator t=2026-05-25T15:35:12.275173587Z level=info msg="Migration successfully executed" id="drop table resource" duration=245.23µs
logger=resource-migrator t=2026-05-25T15:35:12.275875687Z level=info msg="Executing migration" id="create table resource"
logger=resource-migrator t=2026-05-25T15:35:12.276316937Z level=info msg="Migration successfully executed" id="create table resource" duration=441.05µs
logger=resource-migrator t=2026-05-25T15:35:12.276988558Z level=info msg="Executing migration" id="create table resource, index: 0"
logger=resource-migrator t=2026-05-25T15:35:12.277469148Z level=info msg="Migration successfully executed" id="create table resource, index: 0" duration=480.31µs
logger=resource-migrator t=2026-05-25T15:35:12.278175528Z level=info msg="Executing migration" id="drop table resource_history"
logger=resource-migrator t=2026-05-25T15:35:12.278368098Z level=info msg="Migration successfully executed" id="drop table resource_history" duration=193.79µs
logger=resource-migrator t=2026-05-25T15:35:12.279196209Z level=info msg="Executing migration" id="create table resource_history"
logger=resource-migrator t=2026-05-25T15:35:12.279687079Z level=info msg="Migration successfully executed" id="create table resource_history" duration=490.65µs
logger=resource-migrator t=2026-05-25T15:35:12.28033298Z level=info msg="Executing migration" id="create table resource_history, index: 0"
logger=resource-migrator t=2026-05-25T15:35:12.28085214Z level=info msg="Migration successfully executed" id="create table resource_history, index: 0" duration=517.56µs
logger=resource-migrator t=2026-05-25T15:35:12.281547041Z level=info msg="Executing migration" id="create table resource_history, index: 1"
logger=resource-migrator t=2026-05-25T15:35:12.282131681Z level=info msg="Migration successfully executed" id="create table resource_history, index: 1" duration=583.44µs
logger=resource-migrator t=2026-05-25T15:35:12.282829471Z level=info msg="Executing migration" id="drop table resource_version"
logger=resource-migrator t=2026-05-25T15:35:12.283000112Z level=info msg="Migration successfully executed" id="drop table resource_version" duration=170.541µs
logger=resource-migrator t=2026-05-25T15:35:12.283654172Z level=info msg="Executing migration" id="create table resource_version"
logger=resource-migrator t=2026-05-25T15:35:12.284051352Z level=info msg="Migration successfully executed" id="create table resource_version" duration=397.06µs
logger=resource-migrator t=2026-05-25T15:35:12.284691702Z level=info msg="Executing migration" id="create table resource_version, index: 0"
logger=resource-migrator t=2026-05-25T15:35:12.285195973Z level=info msg="Migration successfully executed" id="create table resource_version, index: 0" duration=504.591µs
logger=resource-migrator t=2026-05-25T15:35:12.285815073Z level=info msg="Executing migration" id="drop table resource_blob"
logger=resource-migrator t=2026-05-25T15:35:12.285952503Z level=info msg="Migration successfully executed" id="drop table resource_blob" duration=137.3µs
logger=resource-migrator t=2026-05-25T15:35:12.286560963Z level=info msg="Executing migration" id="create table resource_blob"
logger=resource-migrator t=2026-05-25T15:35:12.287003133Z level=info msg="Migration successfully executed" id="create table resource_blob" duration=441.63µs
logger=resource-migrator t=2026-05-25T15:35:12.287643854Z level=info msg="Executing migration" id="create table resource_blob, index: 0"
logger=resource-migrator t=2026-05-25T15:35:12.288120514Z level=info msg="Migration successfully executed" id="create table resource_blob, index: 0" duration=475.44µs
logger=resource-migrator t=2026-05-25T15:35:12.288719895Z level=info msg="Executing migration" id="create table resource_blob, index: 1"
logger=resource-migrator t=2026-05-25T15:35:12.289185205Z level=info msg="Migration successfully executed" id="create table resource_blob, index: 1" duration=464.79µs
logger=resource-migrator t=2026-05-25T15:35:12.289797115Z level=info msg="Executing migration" id="drop table resource_last_import_time"
logger=resource-migrator t=2026-05-25T15:35:12.289959616Z level=info msg="Migration successfully executed" id="drop table resource_last_import_time" duration=162.561µs
logger=resource-migrator t=2026-05-25T15:35:12.290582946Z level=info msg="Executing migration" id="create table resource_last_import_time"
logger=resource-migrator t=2026-05-25T15:35:12.291027366Z level=info msg="Migration successfully executed" id="create table resource_last_import_time" duration=444.12µs
logger=resource-migrator t=2026-05-25T15:35:12.291772887Z level=info msg="Executing migration" id="Add column previous_resource_version in resource_history"
logger=resource-migrator t=2026-05-25T15:35:12.293507918Z level=info msg="Migration successfully executed" id="Add column previous_resource_version in resource_history" duration=1.734601ms
logger=resource-migrator t=2026-05-25T15:35:12.294054778Z level=info msg="Executing migration" id="Add column previous_resource_version in resource"
logger=resource-migrator t=2026-05-25T15:35:12.295740729Z level=info msg="Migration successfully executed" id="Add column previous_resource_version in resource" duration=1.685731ms
logger=resource-migrator t=2026-05-25T15:35:12.296331829Z level=info msg="Executing migration" id="Add index to resource_history for polling"
logger=resource-migrator t=2026-05-25T15:35:12.29683274Z level=info msg="Migration successfully executed" id="Add index to resource_history for polling" duration=501.291µs
logger=resource-migrator t=2026-05-25T15:35:12.29747022Z level=info msg="Executing migration" id="Add index to resource for loading"
logger=resource-migrator t=2026-05-25T15:35:12.2979385Z level=info msg="Migration successfully executed" id="Add index to resource for loading" duration=467.33µs
logger=resource-migrator t=2026-05-25T15:35:12.298585021Z level=info msg="Executing migration" id="Add column folder in resource_history"
logger=resource-migrator t=2026-05-25T15:35:12.300310082Z level=info msg="Migration successfully executed" id="Add column folder in resource_history" duration=1.723441ms
logger=resource-migrator t=2026-05-25T15:35:12.300923632Z level=info msg="Executing migration" id="Add column folder in resource"
logger=resource-migrator t=2026-05-25T15:35:12.302632324Z level=info msg="Migration successfully executed" id="Add column folder in resource" duration=1.708492ms
logger=resource-migrator t=2026-05-25T15:35:12.303279194Z level=info msg="Executing migration" id="Migrate DeletionMarkers to real Resource objects"
logger=deletion-marker-migrator t=2026-05-25T15:35:12.303410014Z level=info msg="finding any deletion markers"
logger=resource-migrator t=2026-05-25T15:35:12.303635294Z level=info msg="Migration successfully executed" id="Migrate DeletionMarkers to real Resource objects" duration=356.18µs
logger=resource-migrator t=2026-05-25T15:35:12.304316725Z level=info msg="Executing migration" id="Add index to resource_history for get trash"
logger=resource-migrator t=2026-05-25T15:35:12.304817885Z level=info msg="Migration successfully executed" id="Add index to resource_history for get trash" duration=500.8µs
logger=resource-migrator t=2026-05-25T15:35:12.305431995Z level=info msg="Executing migration" id="Add generation to resource history"
logger=resource-migrator t=2026-05-25T15:35:12.307188406Z level=info msg="Migration successfully executed" id="Add generation to resource history" duration=1.756231ms
logger=resource-migrator t=2026-05-25T15:35:12.307824236Z level=info msg="Executing migration" id="Add generation index to resource history"
logger=resource-migrator t=2026-05-25T15:35:12.308326997Z level=info msg="Migration successfully executed" id="Add generation index to resource history" duration=502.351µs
logger=resource-migrator t=2026-05-25T15:35:12.308962587Z level=info msg="Executing migration" id="Add UQE_resource_last_import_time_last_import_time index"
logger=resource-migrator t=2026-05-25T15:35:12.309459028Z level=info msg="Migration successfully executed" id="Add UQE_resource_last_import_time_last_import_time index" duration=495.261µs
logger=resource-migrator t=2026-05-25T15:35:12.310057728Z level=info msg="Executing migration" id="Add key_path column to resource_history"
logger=resource-migrator t=2026-05-25T15:35:12.311754309Z level=info msg="Migration successfully executed" id="Add key_path column to resource_history" duration=1.696391ms
logger=resource-migrator t=2026-05-25T15:35:12.312328499Z level=info msg="Executing migration" id="create table resource_events"
logger=resource-migrator t=2026-05-25T15:35:12.31277627Z level=info msg="Migration successfully executed" id="create table resource_events" duration=447.211µs
logger=resource-migrator t=2026-05-25T15:35:12.31340173Z level=info msg="Executing migration" id="Add IDX_resource_history_key_path index"
logger=resource-migrator t=2026-05-25T15:35:12.31386784Z level=info msg="Migration successfully executed" id="Add IDX_resource_history_key_path index" duration=466.68µs
logger=resource-migrator t=2026-05-25T15:35:12.31448173Z level=info msg="Executing migration" id="drop my_row_id and add primary key with columns group,resource to table resource_version if my_row_id exists (auto-generated mysql column)"
logger=resource-migrator t=2026-05-25T15:35:12.31465646Z level=warn msg="Skipping migration: Already executed, but not recorded in migration log" id="drop my_row_id and add primary key with columns group,resource to table resource_version if my_row_id exists (auto-generated mysql column)"
logger=resource-migrator t=2026-05-25T15:35:12.315361741Z level=info msg="Executing migration" id="drop unique index UQE_resource_version_group_resource from resource_version table if it exists (mysql)"
logger=resource-migrator t=2026-05-25T15:35:12.315607401Z level=info msg="Migration successfully executed" id="drop unique index UQE_resource_version_group_resource from resource_version table if it exists (mysql)" duration=245.59µs
logger=resource-migrator t=2026-05-25T15:35:12.316197991Z level=info msg="Executing migration" id="add primary key with columns group,resource to table resource_version if it doesn't exist (mysql)"
logger=resource-migrator t=2026-05-25T15:35:12.316336522Z level=info msg="Migration successfully executed" id="add primary key with columns group,resource to table resource_version if it doesn't exist (mysql)" duration=138.771µs
logger=resource-migrator t=2026-05-25T15:35:12.316944082Z level=info msg="Executing migration" id="add primary key with columns group,resource to table resource_version (postgres and sqlite)"
logger=resource-migrator t=2026-05-25T15:35:12.322718345Z level=info msg="Migration successfully executed" id="add primary key with columns group,resource to table resource_version (postgres and sqlite)" duration=5.773633ms
logger=resource-migrator t=2026-05-25T15:35:12.324503296Z level=info msg="Executing migration" id="Change key_path collation of resource_history in postgres"
logger=resource-migrator t=2026-05-25T15:35:12.324612317Z level=info msg="Migration successfully executed" id="Change key_path collation of resource_history in postgres" duration=109.631µs
logger=resource-migrator t=2026-05-25T15:35:12.325271177Z level=info msg="Executing migration" id="Change key_path collation of resource_events in postgres"
logger=resource-migrator t=2026-05-25T15:35:12.325388407Z level=info msg="Migration successfully executed" id="Change key_path collation of resource_events in postgres" duration=117.81µs
logger=resource-migrator t=2026-05-25T15:35:12.326029978Z level=info msg="Executing migration" id="resource_history key_path backfill"
logger=resource-migrator t=2026-05-25T15:35:12.326395048Z level=info msg="Migration successfully executed" id="resource_history key_path backfill" duration=364.58µs
logger=resource-migrator t=2026-05-25T15:35:12.327046418Z level=info msg="Executing migration" id="Add index to resource_history for garbage collection"
logger=resource-migrator t=2026-05-25T15:35:12.327560189Z level=info msg="Migration successfully executed" id="Add index to resource_history for garbage collection" duration=512.581µs
logger=resource-migrator t=2026-05-25T15:35:12.328209079Z level=info msg="Executing migration" id="Fix small resource versions"
logger=resource-migrator t=2026-05-25T15:35:12.328496749Z level=info msg="Migration successfully executed" id="Fix small resource versions" duration=288.3µs
logger=resource-migrator t=2026-05-25T15:35:12.329129399Z level=info msg="Executing migration" id="create table pending_tenant_deletions"
logger=resource-migrator t=2026-05-25T15:35:12.329527669Z level=info msg="Migration successfully executed" id="create table pending_tenant_deletions" duration=398.17µs
logger=resource-migrator t=2026-05-25T15:35:12.33012128Z level=info msg="Executing migration" id="Change key_path collation of pending_tenant_deletions in postgres"
logger=resource-migrator t=2026-05-25T15:35:12.33023243Z level=info msg="Migration successfully executed" id="Change key_path collation of pending_tenant_deletions in postgres" duration=111.77µs
logger=resource-migrator t=2026-05-25T15:35:12.33084679Z level=info msg="migrations completed" performed=43 skipped=0 duration=58.073345ms
logger=resource-migrator t=2026-05-25T15:35:12.33118401Z level=info msg="Unlocking database"
t=2026-05-25T15:35:12.332924122Z level=info caller=logger.go:214 time=2026-05-25T15:35:12.332902792Z msg="Using channel notifier" logger=sql-resource-server
logger=resource-search t=2026-05-25T15:35:12.333565162Z level=info msg="search index initialized" duration_secs=0 total_docs=0
logger=unifiedstorage-migrator t=2026-05-25T15:35:12.337474065Z level=info msg="Locking database"
logger=unifiedstorage-migrator t=2026-05-25T15:35:12.337601095Z level=info msg="Starting DB migrations"
logger=unifiedstorage-migrator t=2026-05-25T15:35:12.339344836Z level=info msg="Executing migration" id="create unifiedstorage_migration_log table"
logger=unifiedstorage-migrator t=2026-05-25T15:35:12.339710306Z level=info msg="Migration successfully executed" id="create unifiedstorage_migration_log table" duration=365.37µs
logger=unifiedstorage-migrator t=2026-05-25T15:35:12.340403877Z level=info msg="migrations completed" performed=1 skipped=0 duration=1.079761ms
logger=unifiedstorage-migrator t=2026-05-25T15:35:12.340703617Z level=info msg="Unlocking database"
logger=storage.unified.migrations t=2026-05-25T15:35:12.340832557Z level=info msg="Running migrations for unified storage"
logger=storage.unified.migrations t=2026-05-25T15:35:12.340988377Z level=info msg="Migration is disabled in config, skipping" migration=shorturls
logger=storage.unified.migrations t=2026-05-25T15:35:12.341075837Z level=info msg="Migration is disabled in config, skipping" migration=datasource
logger=storage.unified.migrations t=2026-05-25T15:35:12.341182717Z level=info msg="Migration is disabled in config, skipping" migration=stars
logger=unifiedstorage-migrator t=2026-05-25T15:35:12.341372717Z level=info msg="Locking database"
logger=unifiedstorage-migrator t=2026-05-25T15:35:12.341481657Z level=info msg="Starting DB migrations"
logger=unifiedstorage-migrator t=2026-05-25T15:35:12.341751657Z level=info msg="Executing migration" id="folders and dashboards migration"
logger=storage.unified.migration_runner.folders-dashboards t=2026-05-25T15:35:12.341947547Z level=info msg="Starting migration for all organizations" org_count=1 resources="[folders.folder.grafana.app dashboards.dashboard.grafana.app]"
logger=storage.unified.migration_runner.folders-dashboards t=2026-05-25T15:35:12.342144037Z level=info msg="Stored migrator transaction in context for bulk operations (SQLite compatibility)"
logger=storage.unified.migration_runner.folders-dashboards t=2026-05-25T15:35:12.342282137Z level=info msg="Migrating organization" org_id=1 namespace=default
logger=storage.unified.migrator t=2026-05-25T15:35:12.342465998Z level=info msg="start migrating legacy resources" namespace=default orgId=1 stackId=0
logger=storage.unified.migration_runner.folders-dashboards t=2026-05-25T15:35:12.342556638Z level=info msg="Migration progress" org_id=1 count=-1 message="migrating folders..."
t=2026-05-25T15:35:12.342952358Z level=info caller=logger.go:214 time=2026-05-25T15:35:12.342935328Z msg="Using SQLite transaction from client context" logger=sql-resource-server
logger=storage.unified.migration_runner.folders-dashboards t=2026-05-25T15:35:12.344716319Z level=info msg="Migration progress" org_id=1 count=-2 message="finished folders... (0)"
logger=storage.unified.migration_runner.folders-dashboards t=2026-05-25T15:35:12.344864499Z level=info msg="Migration progress" org_id=1 count=-1 message="migrating dashboards..."
logger=storage.unified.migration_runner.folders-dashboards t=2026-05-25T15:35:12.345231979Z level=info msg="Migration progress" org_id=1 count=-2 message="finished dashboards... (0)"
logger=storage.unified.migrator t=2026-05-25T15:35:12.345328019Z level=info msg="finished migrating legacy resources" namespace=default orgId=1 stackId=0
t=2026-05-25T15:35:12.34547511Z level=info caller=logger.go:214 time=2026-05-25T15:35:12.34546565Z msg="synchronize collection" key=default/folder.grafana.app/folders
t=2026-05-25T15:35:12.34626584Z level=info caller=logger.go:214 time=2026-05-25T15:35:12.34625944Z msg="get stats (still in transaction)" key=default/folder.grafana.app/folders
t=2026-05-25T15:35:12.347317011Z level=info caller=logger.go:214 time=2026-05-25T15:35:12.347309441Z msg="successfully locked RV" logger=sql-resource-server nextRV=1779723312346015 key=default/folder.grafana.app/folders
t=2026-05-25T15:35:12.347546001Z level=info caller=logger.go:214 time=2026-05-25T15:35:12.347540181Z msg="successfully saved RV" logger=sql-resource-server rv=1779723312346015 key=default/folder.grafana.app/folders
t=2026-05-25T15:35:12.347867301Z level=info caller=logger.go:214 time=2026-05-25T15:35:12.347861701Z msg="synchronize collection" key=default/dashboard.grafana.app/dashboards
t=2026-05-25T15:35:12.348552601Z level=info caller=logger.go:214 time=2026-05-25T15:35:12.348545561Z msg="get stats (still in transaction)" key=default/dashboard.grafana.app/dashboards
t=2026-05-25T15:35:12.349207692Z level=info caller=logger.go:214 time=2026-05-25T15:35:12.349199432Z msg="successfully locked RV" logger=sql-resource-server nextRV=1779723312348993 key=default/dashboard.grafana.app/dashboards
t=2026-05-25T15:35:12.349453562Z level=info caller=logger.go:214 time=2026-05-25T15:35:12.349446812Z msg="successfully saved RV" logger=sql-resource-server rv=1779723312348993 key=default/dashboard.grafana.app/dashboards
logger=storage.unified.migrator t=2026-05-25T15:35:12.349949762Z level=info msg="start rebuilding index for resources" namespace=default orgId=1 resources="[folders.folder.grafana.app dashboards.dashboard.grafana.app]"
logger=storage.unified.migrator t=2026-05-25T15:35:12.352017683Z level=info msg="finished rebuilding index for resources" namespace=default orgId=1 resources="[folders.folder.grafana.app dashboards.dashboard.grafana.app]"
logger=storage.unified.migration_runner.folders-dashboards t=2026-05-25T15:35:12.352291223Z level=info msg="Count validation" resource=folders.folder.grafana.app namespace=default legacy_count=0 unified_count=0 migration_summary_count=0 rejected=0 history=0
logger=storage.unified.migration_runner.folders-dashboards t=2026-05-25T15:35:12.352502704Z level=info msg="Count validation" resource=dashboards.dashboard.grafana.app namespace=default legacy_count=0 unified_count=0 migration_summary_count=0 rejected=0 history=0
logger=storage.unified.migration_runner.folders-dashboards t=2026-05-25T15:35:12.352744054Z level=info msg="Folder tree structure validation passed" folder_count=0 namespace=default
logger=storage.unified.migration_runner.folders-dashboards t=2026-05-25T15:35:12.352862424Z level=info msg="Migration completed for organization" org_id=1 duration=10.469376ms processed=0 summaries=2 rejected=0
logger=storage.unified.migration_runner.folders-dashboards t=2026-05-25T15:35:12.352952804Z level=info msg="Migration completed successfully for all organizations" org_count=1
logger=unifiedstorage-migrator t=2026-05-25T15:35:12.353059714Z level=info msg="Migration successfully executed" id="folders and dashboards migration" duration=11.307367ms
logger=unifiedstorage-migrator t=2026-05-25T15:35:12.353734115Z level=info msg="Executing migration" id="playlists migration"
logger=storage.unified.migration_runner.playlists t=2026-05-25T15:35:12.353947065Z level=info msg="Starting migration for all organizations" org_count=1 resources=[playlists.playlist.grafana.app]
logger=storage.unified.migration_runner.playlists t=2026-05-25T15:35:12.354075005Z level=info msg="Stored migrator transaction in context for bulk operations (SQLite compatibility)"
logger=storage.unified.migration_runner.playlists t=2026-05-25T15:35:12.354230115Z level=info msg="Migration is not required, the legacy SQL table does not exist" table=playlist
logger=unifiedstorage-migrator t=2026-05-25T15:35:12.354343205Z level=info msg="Migration successfully executed" id="playlists migration" duration=609.09µs
logger=unifiedstorage-migrator t=2026-05-25T15:35:12.354958545Z level=info msg="migrations completed" performed=2 skipped=1 duration=13.223388ms
logger=unifiedstorage-migrator t=2026-05-25T15:35:12.355254186Z level=info msg="Unlocking database"
logger=storage.unified.migrations t=2026-05-25T15:35:12.355559946Z level=info msg="Unified storage migrations completed successfully"
logger=annotations t=2026-05-25T15:35:12.356188916Z level=info msg="Starting annotation dashboard_uid migration in background"
logger=annotations t=2026-05-25T15:35:12.356383426Z level=info msg="Starting batched dashboard_uid migration for annotations (newest first)" batchSize=5000
logger=annotations t=2026-05-25T15:35:12.357262146Z level=info msg="Completed dashboard_uid migration for annotations" totalUpdated=0
logger=annotations t=2026-05-25T15:35:12.357415077Z level=info msg="Annotation dashboard_uid migration completed successfully"
logger=storage.unified.migrations t=2026-05-25T15:35:12.358648037Z level=info msg="Resolved storage mode from migration log" resource=folders.folder.grafana.app mode=unified
logger=live.push_http t=2026-05-25T15:35:12.365578651Z level=info msg="Live Push Gateway initialization"
logger=ngalert.notifier t=2026-05-25T15:35:12.367386092Z level=info component=alertmanager orgID=1 msg="template definitions loaded" mimir=0 grafana=0 total=0 maxTemplateOutput=10485760
logger=ngalert.notifier component=alertmanager orgID=1 t=2026-05-25T15:35:12.369918384Z level=info msg="Applying new configuration to Alertmanager" configHash="{16778549912962373901 16454292769479786371 11334157631281353376 13684829433332818750 9889444224312429563 10278876130067529486 13274274624283075277 5144611013662998819}"
logger=ngalert.notifier t=2026-05-25T15:35:12.370053414Z level=info component=alertmanager orgID=1 msg="template definitions loaded" mimir=0 grafana=0 total=0 maxTemplateOutput=10485760
logger=ngalert.writer t=2026-05-25T15:35:12.374122546Z level=info msg="Setting up remote write using data sources" timeout=30s default_datasource_uid=
logger=ngalert t=2026-05-25T15:35:12.374365607Z level=info msg="Using protobuf-based alert instance store"
logger=ngalert.state.manager.persist t=2026-05-25T15:35:12.374489817Z level=info msg="Using sync rule state persister (compressed)"
logger=query_data t=2026-05-25T15:35:12.375725187Z level=info msg="Query Service initialization"
logger=annotation.app t=2026-05-25T15:35:12.421827076Z level=info msg="Starting annotation cleanup loop" interval=24h0m0s retention=2160h0m0s
logger=infra.usagestats.collector t=2026-05-25T15:35:12.423266317Z level=info msg="registering usage stat providers" usageStatsProvidersLen=2
logger=backgroundsvcs.managerAdapter t=2026-05-25T15:35:12.588588067Z level=info msg=starting module=tracing
logger=backgroundsvcs.managerAdapter t=2026-05-25T15:35:12.588859527Z level=info msg=starting module=grafana-apiserver
logger=grafana-apiserver t=2026-05-25T15:35:12.873071821Z level=info msg="Adding GroupVersion userstorage.grafana.app v0alpha1 to ResourceManager"
logger=grafana-apiserver t=2026-05-25T15:35:12.873795921Z level=info msg="Adding GroupVersion preferences.grafana.app v1alpha1 to ResourceManager"
logger=grafana-apiserver t=2026-05-25T15:35:12.885304868Z level=info msg="Adding GroupVersion provisioning.grafana.app v0alpha1 to ResourceManager"
logger=grafana-apiserver t=2026-05-25T15:35:12.88856126Z level=info msg="Adding GroupVersion provisioning.grafana.app v1beta1 to ResourceManager"
logger=grafana-apiserver t=2026-05-25T15:35:12.88921673Z level=info msg="Adding GroupVersion features.grafana.app v0alpha1 to ResourceManager"
logger=grafana-apiserver t=2026-05-25T15:35:12.898036206Z level=info msg="Adding GroupVersion dashboard.grafana.app v2 to ResourceManager"
logger=grafana-apiserver t=2026-05-25T15:35:12.898683766Z level=info msg="Adding GroupVersion dashboard.grafana.app v2beta1 to ResourceManager"
logger=grafana-apiserver t=2026-05-25T15:35:12.899404547Z level=info msg="Adding GroupVersion dashboard.grafana.app v2alpha1 to ResourceManager"
logger=grafana-apiserver t=2026-05-25T15:35:12.900432317Z level=info msg="Adding GroupVersion dashboard.grafana.app v0alpha1 to ResourceManager"
logger=grafana-apiserver t=2026-05-25T15:35:12.901042218Z level=info msg="Adding GroupVersion dashboard.grafana.app v1 to ResourceManager"
logger=grafana-apiserver t=2026-05-25T15:35:12.901654258Z level=info msg="Adding GroupVersion dashboard.grafana.app v1beta1 to ResourceManager"
logger=grafana-apiserver t=2026-05-25T15:35:12.903115709Z level=info msg="Adding GroupVersion collections.grafana.app v1alpha1 to ResourceManager"
t=2026-05-25T15:35:12.903412199Z level=info caller=logger.go:214 time=2026-05-25T15:35:12.903396999Z msg="Zanzana is not enabled; skipping folder propagation hooks"
t=2026-05-25T15:35:12.90361364Z level=info caller=logger.go:214 time=2026-05-25T15:35:12.90360677Z msg="Zanzana is not enabled; skipping folder propagation hooks"
logger=grafana-apiserver t=2026-05-25T15:35:12.90492324Z level=info msg="Adding GroupVersion folder.grafana.app v1 to ResourceManager"
logger=grafana-apiserver t=2026-05-25T15:35:12.905734361Z level=info msg="Adding GroupVersion folder.grafana.app v1beta1 to ResourceManager"
logger=grafana-apiserver t=2026-05-25T15:35:12.907203611Z level=info msg="Adding GroupVersion playlist.grafana.app v1 to ResourceManager"
logger=grafana-apiserver t=2026-05-25T15:35:12.908081532Z level=info msg="Adding GroupVersion playlist.grafana.app v0alpha1 to ResourceManager"
t=2026-05-25T15:35:12.908300002Z level=info caller=logger.go:214 time=2026-05-25T15:35:12.908290422Z msg="Installed APIs for app" app=playlist
logger=grafana-apiserver t=2026-05-25T15:35:12.910258833Z level=info msg="Adding GroupVersion plugins.grafana.app v0alpha1 to ResourceManager"
t=2026-05-25T15:35:12.910862374Z level=info caller=logger.go:214 time=2026-05-25T15:35:12.910856304Z msg="Installed APIs for app" app=plugins
logger=grafana-apiserver t=2026-05-25T15:35:12.912621825Z level=info msg="Adding GroupVersion example.grafana.app v1alpha1 to ResourceManager"
logger=grafana-apiserver t=2026-05-25T15:35:12.913549435Z level=info msg="Adding GroupVersion example.grafana.app v0alpha1 to ResourceManager"
t=2026-05-25T15:35:12.913820815Z level=info caller=logger.go:214 time=2026-05-25T15:35:12.913814355Z msg="Installed APIs for app" app=example
t=2026-05-25T15:35:12.914057365Z level=warn caller=logger.go:224 time=2026-05-25T15:35:12.914050505Z msg="skipped registering status sub-resource that does not support dual writing" resource=alertrules.rules.alerting.grafana.app version=v0alpha1 storagePath=alertrules/status
t=2026-05-25T15:35:12.914228726Z level=warn caller=logger.go:224 time=2026-05-25T15:35:12.914223276Z msg="skipped registering status sub-resource that does not support dual writing" resource=recordingrules.rules.alerting.grafana.app version=v0alpha1 storagePath=recordingrules/status
logger=grafana-apiserver t=2026-05-25T15:35:12.916341927Z level=info msg="Adding GroupVersion rules.alerting.grafana.app v0alpha1 to ResourceManager"
t=2026-05-25T15:35:12.916580927Z level=info caller=logger.go:214 time=2026-05-25T15:35:12.916574847Z msg="Installed APIs for app" app=alerting
logger=grafana-apiserver t=2026-05-25T15:35:12.920211329Z level=info msg="Adding GroupVersion notifications.alerting.grafana.app v1beta1 to ResourceManager"
logger=grafana-apiserver t=2026-05-25T15:35:12.92245462Z level=info msg="Adding GroupVersion notifications.alerting.grafana.app v0alpha1 to ResourceManager"
t=2026-05-25T15:35:12.922873611Z level=info caller=logger.go:214 time=2026-05-25T15:35:12.922866601Z msg="Installed APIs for app" app=alerting-notifications
logger=grafana-apiserver t=2026-05-25T15:35:12.924728002Z level=info msg="Adding GroupVersion advisor.grafana.app v0alpha1 to ResourceManager"
t=2026-05-25T15:35:12.924999352Z level=info caller=logger.go:214 time=2026-05-25T15:35:12.924993102Z msg="Installed APIs for app" app=advisor
t=2026-05-25T15:35:13.657325518Z level=info caller=logger.go:214 time=2026-05-25T15:35:13.657296678Z msg="App initialized" app=playlist
t=2026-05-25T15:35:13.657498018Z level=info caller=logger.go:214 time=2026-05-25T15:35:13.657476658Z msg="App initialized" app=plugins
t=2026-05-25T15:35:13.657607418Z level=info caller=logger.go:214 time=2026-05-25T15:35:13.657593208Z msg="App initialized" app=example
t=2026-05-25T15:35:13.657561638Z level=info caller=logger.go:214 time=2026-05-25T15:35:13.657549898Z msg="App initialized" app=advisor
t=2026-05-25T15:35:13.657599478Z level=info caller=logger.go:214 time=2026-05-25T15:35:13.657573288Z msg="App initialized" app=alerting
logger=backgroundsvcs.managerAdapter t=2026-05-25T15:35:13.657645148Z level=info msg=starting module=plugins.store
t=2026-05-25T15:35:13.657537648Z level=info caller=logger.go:214 time=2026-05-25T15:35:13.657517968Z msg="App initialized" app=alerting-notifications
t=2026-05-25T15:35:13.657751378Z level=info caller=logger.go:214 time=2026-05-25T15:35:13.657732168Z msg="starting job cleanup controller" logger=job-cleanup-controller cleanup_interval=1m30s expiry=30s
t=2026-05-25T15:35:13.657751468Z level=info caller=logger.go:214 time=2026-05-25T15:35:13.657724138Z msg="start concurrent job driver" logger=concurrent-job-driver num_drivers=3 num_drivers=3
t=2026-05-25T15:35:13.658030858Z level=info caller=logger.go:214 time=2026-05-25T15:35:13.658001838Z msg="Starting RepositoryController" logger=provisioning-repository-controller
t=2026-05-25T15:35:13.658719539Z level=info caller=logger.go:214 time=2026-05-25T15:35:13.658705289Z msg="start job driver" logger=concurrent-job-driver num_drivers=3 driver_id=1
t=2026-05-25T15:35:13.658742349Z level=info caller=logger.go:214 time=2026-05-25T15:35:13.658725359Z msg="start job driver" logger=concurrent-job-driver num_drivers=3 driver_id=2
t=2026-05-25T15:35:13.658743159Z level=info caller=logger.go:214 time=2026-05-25T15:35:13.658711769Z msg="start job driver" logger=concurrent-job-driver num_drivers=3 driver_id=0
logger=backgroundsvcs.managerAdapter t=2026-05-25T15:35:13.658228589Z level=info msg=starting module=plugin.backgroundinstaller
logger=plugin.backgroundinstaller t=2026-05-25T15:35:13.659400029Z level=info msg="Plugins installed" plugins=[]
logger=plugin.backgroundinstaller t=2026-05-25T15:35:13.659502409Z level=info msg="Installing plugins" plugins="[{ID:grafana-exploretraces-app Version: URL:} {ID:grafana-metricsdrilldown-app Version: URL:} {ID:elasticsearch Version: URL:} {ID:grafana-lokiexplore-app Version: URL:} {ID:grafana-pyroscope-app Version: URL:}]"
logger=plugin.backgroundinstaller t=2026-05-25T15:35:13.659630879Z level=info msg="Installing plugin" pluginId=grafana-exploretraces-app version=
logger=backgroundsvcs.managerAdapter t=2026-05-25T15:35:13.659649799Z level=info msg=starting module=provisioning
logger=provisioning.alerting t=2026-05-25T15:35:13.662934612Z level=info msg="starting to provision alerting"
logger=provisioning.alerting t=2026-05-25T15:35:13.663059232Z level=info msg="finished to provision alerting"
logger=bleve-backend namespace=default group=dashboard.grafana.app resource=dashboards size=0 reason=search t=2026-05-25T15:35:13.702705795Z level=info msg="Building index using memory"
logger=bleve-backend namespace=default group=dashboard.grafana.app resource=dashboards size=0 reason=search t=2026-05-25T15:35:13.703348636Z level=info msg="Finished building index" elapsed=497.01µs listRV=1779723312348993
logger=bleve-backend namespace=default group=dashboard.grafana.app resource=dashboards size=0 reason=search t=2026-05-25T15:35:13.703532006Z level=info msg="Storing index in cache" key="{Namespace:default Group:dashboard.grafana.app Resource:dashboards}" expiration=2026-05-25T15:45:13.703529826Z
logger=provisioning.dashboard t=2026-05-25T15:35:13.705018427Z level=info msg="starting to provision dashboards"
logger=provisioning.dashboard t=2026-05-25T15:35:13.705146957Z level=info msg="finished to provision dashboards"
logger=backgroundsvcs.managerAdapter t=2026-05-25T15:35:13.705783488Z level=info msg=starting module=*manager.SecretsService
logger=backgroundsvcs.managerAdapter t=2026-05-25T15:35:13.705869638Z level=info msg=starting module=*store.standardStorageService
logger=backgroundsvcs.managerAdapter t=2026-05-25T15:35:13.705786618Z level=info msg=starting module=*dynamic.KeyRetriever
logger=backgroundsvcs.managerAdapter t=2026-05-25T15:35:13.705798698Z level=info msg=starting module=*metric.Service
logger=backgroundsvcs.managerAdapter t=2026-05-25T15:35:13.705797218Z level=info msg=starting module=*manager.ServiceAccountsService
logger=backgroundsvcs.managerAdapter t=2026-05-25T15:35:13.705810078Z level=info msg=starting module=*notifications.NotificationService
logger=backgroundsvcs.managerAdapter t=2026-05-25T15:35:13.705811198Z level=info msg=starting module=*statscollector.Service
logger=backgroundsvcs.managerAdapter t=2026-05-25T15:35:13.705809718Z level=info msg=starting module=*ssosettingsimpl.Service
logger=backgroundsvcs.managerAdapter t=2026-05-25T15:35:13.705817108Z level=info msg=starting module=*live.GrafanaLive
logger=backgroundsvcs.managerAdapter t=2026-05-25T15:35:13.705827578Z level=info msg=starting module=*updatemanager.GrafanaService
logger=backgroundsvcs.managerAdapter t=2026-05-25T15:35:13.705824798Z level=info msg=starting module=*authz.EmbeddedZanzanaService
logger=backgroundsvcs.managerAdapter t=2026-05-25T15:35:13.705826638Z level=info msg=starting module=*angulardetectorsprovider.Dynamic
logger=backgroundsvcs.managerAdapter t=2026-05-25T15:35:13.705828218Z level=info msg=starting module=*service.UsageStats
logger=backgroundsvcs.managerAdapter t=2026-05-25T15:35:13.705835268Z level=info msg=starting module=*service.DashboardUpdater
logger=backgroundsvcs.managerAdapter t=2026-05-25T15:35:13.705838998Z level=info msg=starting module=*pushhttp.Gateway
logger=backgroundsvcs.managerAdapter t=2026-05-25T15:35:13.705842178Z level=info msg=starting module=*remotecache.RemoteCache
logger=backgroundsvcs.managerAdapter t=2026-05-25T15:35:13.705845748Z level=info msg=starting module=*migrations.SecretMigrationProviderImpl
logger=backgroundsvcs.managerAdapter t=2026-05-25T15:35:13.705848428Z level=info msg=starting module=*cleanup.CleanUpService
logger=backgroundsvcs.managerAdapter t=2026-05-25T15:35:13.705853988Z level=info msg=starting module=*service.DashboardServiceImpl
logger=backgroundsvcs.managerAdapter t=2026-05-25T15:35:13.705857228Z level=info msg=starting module=*authimpl.UserAuthTokenService
logger=backgroundsvcs.managerAdapter t=2026-05-25T15:35:13.705857708Z level=info msg=starting module=*garbagecollectionworker.Worker
logger=backgroundsvcs.managerAdapter t=2026-05-25T15:35:13.705859678Z level=info msg=starting module=*updatemanager.PluginsService
logger=backgroundsvcs.managerAdapter t=2026-05-25T15:35:13.705863828Z level=info msg=starting module=*ngalert.AlertNG
logger=backgroundsvcs.managerAdapter t=2026-05-25T15:35:13.705877598Z level=info msg=starting module=*metrics.InternalMetricsService
logger=ngalert.multiorg.alertmanager t=2026-05-25T15:35:13.70925316Z level=info msg="Starting MultiOrg Alertmanager"
logger=backgroundsvcs.managerAdapter t=2026-05-25T15:35:13.705876018Z level=info msg=starting module=*appregistry.Service
logger=app-registry t=2026-05-25T15:35:13.70947765Z level=info msg="app registry initialized"
logger=backgroundsvcs.managerAdapter t=2026-05-25T15:35:13.705789088Z level=info msg=starting module=*pluginexternal.Service
logger=backgroundsvcs.managerAdapter t=2026-05-25T15:35:13.705890688Z level=info msg=starting module=*supportbundlesimpl.Service
logger=backgroundsvcs.managerAdapter t=2026-05-25T15:35:13.705895718Z level=info msg=starting module=*rendering.RenderingService
logger=backgroundsvcs.managerAdapter t=2026-05-25T15:35:13.705904328Z level=info msg=starting module=*loginattemptimpl.Service
logger=backgroundsvcs.managerAdapter t=2026-05-25T15:35:13.705914778Z level=info msg=starting module=*api.HTTPServer
logger=backgroundsvcs.managerAdapter t=2026-05-25T15:35:13.705908118Z level=info msg=starting module=*store.dummyEntityEventsService
logger=grafanaStorageLogger t=2026-05-25T15:35:13.706076578Z level=info msg="Storage starting"
logger=backgroundsvcs.managerAdapter t=2026-05-25T15:35:13.705876428Z level=info msg=starting module=*anonimpl.AnonDeviceService
logger=ngalert t=2026-05-25T15:35:13.70931171Z level=info msg="Primary node, alert rule evaluation enabled"
logger=ngalert.state.manager t=2026-05-25T15:35:13.71050771Z level=info msg="Warming state cache for startup"
logger=backgroundsvcs.managerAdapter t=2026-05-25T15:35:13.705884488Z level=info msg=starting module=*dualwrite.ZanzanaReconciler
logger=backgroundsvcs.managerAdapter t=2026-05-25T15:35:13.71080108Z level=info msg="All modules healthy"
logger=http.server t=2026-05-25T15:35:13.712648762Z level=info msg="HTTP Server Listen" address=[::]:3000 protocol=http subUrl= socket=
logger=ngalert.state.manager t=2026-05-25T15:35:13.722435938Z level=info msg="State cache has been initialized" states=0 duration=11.926788ms
logger=ngalert.scheduler t=2026-05-25T15:35:13.722653758Z level=info msg="Starting scheduler" tickInterval=10s maxAttempts=3
logger=ngalert.scheduler t=2026-05-25T15:35:13.722832068Z level=info msg=starting component=ticker first_tick=2026-05-25T15:35:20Z
t=2026-05-25T15:35:13.75837814Z level=info caller=logger.go:214 time=2026-05-25T15:35:13.75835071Z msg="Starting ConnectionController" logger=provisioning-connection-controller
t=2026-05-25T15:35:13.7586264Z level=info caller=logger.go:214 time=2026-05-25T15:35:13.75861476Z msg="Starting workers" logger=provisioning-connection-controller count=1
t=2026-05-25T15:35:13.75876636Z level=info caller=logger.go:214 time=2026-05-25T15:35:13.75875882Z msg="Started workers" logger=provisioning-connection-controller
t=2026-05-25T15:35:13.75879722Z level=info caller=logger.go:214 time=2026-05-25T15:35:13.7587878Z msg="Starting workers" logger=provisioning-repository-controller count=1
t=2026-05-25T15:35:13.75909947Z level=info caller=logger.go:214 time=2026-05-25T15:35:13.75909103Z msg="Started workers" logger=provisioning-repository-controller
logger=plugins.update.checker t=2026-05-25T15:35:13.87432354Z level=info msg="Update check succeeded" duration=165.337271ms
logger=plugins.update.checker t=2026-05-25T15:35:13.87474082Z level=info msg="flag evaluation succeeded" flag="{Value:false EvaluationDetails:{FlagKey:pluginsAutoUpdate FlagType:bool ResolutionDetail:{Variant:default Reason:STATIC ErrorCode: ErrorMessage: FlagMetadata:map[]}}}" details="{Value:false EvaluationDetails:{FlagKey:pluginsAutoUpdate FlagType:bool ResolutionDetail:{Variant:default Reason:STATIC ErrorCode: ErrorMessage: FlagMetadata:map[]}}}"
logger=plugin.angulardetectorsprovider.dynamic t=2026-05-25T15:35:13.880448224Z level=info msg="Patterns update finished" duration=172.413495ms
logger=grafana.update.checker t=2026-05-25T15:35:13.881361424Z level=info msg="Update check succeeded" duration=174.200645ms
logger=plugin.installer t=2026-05-25T15:35:14.722322257Z level=info msg="Installing plugin" pluginId=grafana-exploretraces-app version=
logger=installer.fs t=2026-05-25T15:35:14.811371141Z level=info msg="Downloaded and extracted grafana-exploretraces-app v2.0.3 zip successfully to /var/lib/grafana/plugins/grafana-exploretraces-app"
logger=plugins.registration t=2026-05-25T15:35:14.840259919Z level=info msg="Plugin registered" pluginId=grafana-exploretraces-app
logger=plugin.backgroundinstaller t=2026-05-25T15:35:14.840422169Z level=info msg="Plugin successfully installed" pluginId=grafana-exploretraces-app version= duration=1.18070314s
logger=plugin.backgroundinstaller t=2026-05-25T15:35:14.840662039Z level=info msg="Installing plugin" pluginId=grafana-metricsdrilldown-app version=
logger=plugin.installer t=2026-05-25T15:35:15.227350234Z level=info msg="Installing plugin" pluginId=grafana-metricsdrilldown-app version=
logger=installer.fs t=2026-05-25T15:35:15.307308412Z level=info msg="Downloaded and extracted grafana-metricsdrilldown-app v2.0.7 zip successfully to /var/lib/grafana/plugins/grafana-metricsdrilldown-app"
logger=plugins.registration t=2026-05-25T15:35:15.3361865Z level=info msg="Plugin registered" pluginId=grafana-metricsdrilldown-app
logger=plugin.backgroundinstaller t=2026-05-25T15:35:15.33640912Z level=info msg="Plugin successfully installed" pluginId=grafana-metricsdrilldown-app version= duration=495.596911ms
logger=plugin.backgroundinstaller t=2026-05-25T15:35:15.511252887Z level=info msg="Installing plugin" pluginId=grafana-lokiexplore-app version=
logger=plugin.installer t=2026-05-25T15:35:15.91119013Z level=info msg="Installing plugin" pluginId=grafana-lokiexplore-app version=
logger=installer.fs t=2026-05-25T15:35:16.04289696Z level=info msg="Downloaded and extracted grafana-lokiexplore-app v2.0.4 zip successfully to /var/lib/grafana/plugins/grafana-lokiexplore-app"
logger=plugins.registration t=2026-05-25T15:35:16.076937741Z level=info msg="Plugin registered" pluginId=grafana-lokiexplore-app
logger=plugin.backgroundinstaller t=2026-05-25T15:35:16.077183651Z level=info msg="Plugin successfully installed" pluginId=grafana-lokiexplore-app version= duration=565.682534ms
logger=plugin.backgroundinstaller t=2026-05-25T15:35:16.077376782Z level=info msg="Installing plugin" pluginId=grafana-pyroscope-app version=
logger=plugin.installer t=2026-05-25T15:35:16.621354623Z level=info msg="Installing plugin" pluginId=grafana-pyroscope-app version=
logger=installer.fs t=2026-05-25T15:35:16.711230618Z level=info msg="Downloaded and extracted grafana-pyroscope-app v2.0.6 zip successfully to /var/lib/grafana/plugins/grafana-pyroscope-app"
logger=plugins.registration t=2026-05-25T15:35:16.737184003Z level=info msg="Plugin registered" pluginId=grafana-pyroscope-app
logger=plugin.backgroundinstaller t=2026-05-25T15:35:16.737403374Z level=info msg="Plugin successfully installed" pluginId=grafana-pyroscope-app version= duration=659.858852ms
logger=dashboard-service t=2026-05-25T15:35:43.7158497Z level=info msg="No last resource version found, starting from scratch" orgID=1
logger=dashboard-service t=2026-05-25T15:36:13.711423173Z level=info msg="No last resource version found, starting from scratch" orgID=1
logger=dashboard-service t=2026-05-25T15:36:43.711556279Z level=info msg="No last resource version found, starting from scratch" orgID=1
logger=bleve-backend namespace=default group=folder.grafana.app resource=folders size=0 reason=getStats t=2026-05-25T15:37:00.717213384Z level=info msg="Building index using memory"
logger=bleve-backend namespace=default group=folder.grafana.app resource=folders size=0 reason=getStats t=2026-05-25T15:37:00.718394545Z level=info msg="Finished building index" elapsed=798.901µs listRV=1779723312346015
logger=bleve-backend namespace=default group=folder.grafana.app resource=folders size=0 reason=getStats t=2026-05-25T15:37:00.718734445Z level=info msg="Storing index in cache" key="{Namespace:default Group:folder.grafana.app Resource:folders}" expiration=2026-05-25T15:47:00.718730825Z
logger=bleve-backend namespace=default group=provisioning.grafana.app resource=repositories size=0 reason=getStats t=2026-05-25T15:37:00.720852896Z level=info msg="Building index using memory"
logger=bleve-backend namespace=default group=provisioning.grafana.app resource=repositories size=0 reason=getStats t=2026-05-25T15:37:00.721809396Z level=info msg="Finished building index" elapsed=746.2µs listRV=1
logger=bleve-backend namespace=default group=provisioning.grafana.app resource=repositories size=0 reason=getStats t=2026-05-25T15:37:00.722059776Z level=info msg="Storing index in cache" key="{Namespace:default Group:provisioning.grafana.app Resource:repositories}" expiration=2026-05-25T15:47:00.722057426Z
logger=bleve-backend namespace=default group=playlist.grafana.app resource=playlists size=0 reason=getStats t=2026-05-25T15:37:00.723717367Z level=info msg="Building index using memory"
logger=bleve-backend namespace=default group=playlist.grafana.app resource=playlists size=0 reason=getStats t=2026-05-25T15:37:00.724966368Z level=info msg="Finished building index" elapsed=768.03µs listRV=1
logger=bleve-backend namespace=default group=playlist.grafana.app resource=playlists size=0 reason=getStats t=2026-05-25T15:37:00.725301609Z level=info msg="Storing index in cache" key="{Namespace:default Group:playlist.grafana.app Resource:playlists}" expiration=2026-05-25T15:47:00.725298179Z
logger=infra.usagestats t=2026-05-25T15:37:00.725966309Z level=info msg="Usage stats are ready to report"
logger=dashboard-service t=2026-05-25T15:37:13.712377886Z level=info msg="No last resource version found, starting from scratch" orgID=1
logger=dashboard-service t=2026-05-25T15:37:43.710657691Z level=info msg="No last resource version found, starting from scratch" orgID=1
logger=dashboard-service t=2026-05-25T15:38:13.711572797Z level=info msg="No last resource version found, starting from scratch" orgID=1
logger=context userId=0 orgId=0 uname= t=2026-05-25T15:38:28.145837766Z level=info msg="Request Completed" method=GET path=/d/6ea2ab56-0c6c-424e-ad9c-c6c402d34364/week2-seed-oss-36b-inference-service status=302 remote_addr=127.0.0.1 time_ms=0 duration=990.331µs size=123 referer= handler=/d/:uid/:slug status_source=server
logger=dashboard-service t=2026-05-25T15:38:43.711796314Z level=info msg="No last resource version found, starting from scratch" orgID=1
logger=context userId=1 orgId=1 uname=admin t=2026-05-25T15:38:55.54809512Z level=info msg="Request Completed" method=GET path=/api/live/ws status=-1 remote_addr=127.0.0.1 time_ms=9 duration=9.688756ms size=0 referer= handler=/api/live/ws status_source=server
logger=context userId=1 orgId=1 uname=admin t=2026-05-25T15:38:55.668866594Z level=info msg="Request Completed" method=GET path=/apis/userstorage.grafana.app/v0alpha1/namespaces/default/user-storage/grafana-splash-screen:bfn53iiu58sn4d status=404 remote_addr=127.0.0.1 time_ms=3 duration=3.567992ms size=367 referer=http://127.0.0.1:3000/d/6ea2ab56-0c6c-424e-ad9c-c6c402d34364/week2-seed-oss-36b-inference-service handler=/apis/* status_source=server
logger=live t=2026-05-25T15:38:56.035156827Z level=info msg="Initialized channel handler" channel=grafana/dashboard/uid/6ea2ab56-0c6c-424e-ad9c-c6c402d34364 address=grafana/dashboard/uid/6ea2ab56-0c6c-424e-ad9c-c6c402d34364
logger=context userId=1 orgId=1 uname=admin t=2026-05-25T15:39:04.061377634Z level=info msg="Request Completed" method=POST path=/apis/userstorage.grafana.app/v0alpha1/namespaces/default/user-storage/ status=201 remote_addr=127.0.0.1 time_ms=10 duration=10.437476ms size=1134 referer="http://127.0.0.1:3000/d/6ea2ab56-0c6c-424e-ad9c-c6c402d34364/week2-seed-oss-36b-inference-service?from=now-6h&orgId=1&refresh=5s&timezone=browser&to=now" handler=/apis/* status_source=server
logger=dashboard-service t=2026-05-25T15:39:13.710475779Z level=info msg="No last resource version found, starting from scratch" orgID=1
logger=dashboard-service t=2026-05-25T15:39:43.711482305Z level=info msg="No last resource version found, starting from scratch" orgID=1
logger=datasources t=2026-05-25T15:39:54.749022136Z level=error msg="Failed getting data source" err="context canceled" uid=dfn53jee82a68e id=0 name= orgId=1
logger=datasources t=2026-05-25T15:39:54.749377616Z level=error msg="Failed getting data source" err="context canceled" uid=dfn53jee82a68e id=0 name= orgId=1
logger=context userId=1 orgId=1 uname=admin t=2026-05-25T15:39:54.750587397Z level=info msg="Request Completed" method=POST path=/api/ds/query status=499 remote_addr=127.0.0.1 time_ms=7 duration=7.093304ms size=81 referer="http://127.0.0.1:3000/d/6ea2ab56-0c6c-424e-ad9c-c6c402d34364/week2-seed-oss-36b-inference-service?from=now-6h&orgId=1&refresh=5s&timezone=browser&to=now" handler=/api/ds/query status_source=server errorReason="Client closed request" errorMessageID=api.requestCanceled error="response: request canceled: context canceled"
logger=context userId=1 orgId=1 uname=admin t=2026-05-25T15:39:54.750795717Z level=info msg="Request Completed" method=POST path=/api/ds/query status=499 remote_addr=127.0.0.1 time_ms=6 duration=6.565024ms size=81 referer="http://127.0.0.1:3000/d/6ea2ab56-0c6c-424e-ad9c-c6c402d34364/week2-seed-oss-36b-inference-service?from=now-6h&orgId=1&refresh=5s&timezone=browser&to=now" handler=/api/ds/query status_source=server errorReason="Client closed request" errorMessageID=api.requestCanceled error="response: request canceled: context canceled"
logger=datasources t=2026-05-25T15:39:54.767222377Z level=error msg="Failed getting data source" err="context canceled" uid=dfn53jee82a68e id=0 name= orgId=1
logger=datasources t=2026-05-25T15:39:54.767505177Z level=error msg="Failed getting data source" err="context canceled" uid=dfn53jee82a68e id=0 name= orgId=1
logger=context userId=1 orgId=1 uname=admin t=2026-05-25T15:39:54.768191588Z level=info msg="Request Completed" method=POST path=/api/ds/query status=499 remote_addr=127.0.0.1 time_ms=23 duration=23.966645ms size=81 referer="http://127.0.0.1:3000/d/6ea2ab56-0c6c-424e-ad9c-c6c402d34364/week2-seed-oss-36b-inference-service?from=now-6h&orgId=1&refresh=5s&timezone=browser&to=now" handler=/api/ds/query status_source=server errorReason="Client closed request" errorMessageID=api.requestCanceled error="response: request canceled: context canceled"
logger=context userId=1 orgId=1 uname=admin t=2026-05-25T15:39:54.768985168Z level=info msg="Request Completed" method=POST path=/api/ds/query status=499 remote_addr=127.0.0.1 time_ms=24 duration=24.952085ms size=81 referer="http://127.0.0.1:3000/d/6ea2ab56-0c6c-424e-ad9c-c6c402d34364/week2-seed-oss-36b-inference-service?from=now-6h&orgId=1&refresh=5s&timezone=browser&to=now" handler=/api/ds/query status_source=server errorReason="Client closed request" errorMessageID=api.requestCanceled error="response: request canceled: context canceled"
logger=datasources t=2026-05-25T15:39:54.77092539Z level=error msg="Failed getting data source" err="context canceled" uid=dfn53jee82a68e id=0 name= orgId=1
logger=context userId=1 orgId=1 uname=admin t=2026-05-25T15:39:54.773810631Z level=info msg="Request Completed" method=POST path=/api/ds/query status=499 remote_addr=127.0.0.1 time_ms=29 duration=29.575338ms size=81 referer="http://127.0.0.1:3000/d/6ea2ab56-0c6c-424e-ad9c-c6c402d34364/week2-seed-oss-36b-inference-service?from=now-6h&orgId=1&refresh=5s&timezone=browser&to=now" handler=/api/ds/query status_source=server errorReason="Client closed request" errorMessageID=api.requestCanceled error="response: request canceled: context canceled"
logger=dashboard-service t=2026-05-25T15:40:13.710331391Z level=info msg="No last resource version found, starting from scratch" orgID=1
logger=dashboard-service t=2026-05-25T15:40:43.711409928Z level=info msg="No last resource version found, starting from scratch" orgID=1
logger=dashboard-service t=2026-05-25T15:41:13.711153314Z level=info msg="No last resource version found, starting from scratch" orgID=1
logger=dashboard-service t=2026-05-25T15:41:43.710938619Z level=info msg="No last resource version found, starting from scratch" orgID=1
logger=dashboard-service t=2026-05-25T15:42:13.710966066Z level=info msg="No last resource version found, starting from scratch" orgID=1
logger=dashboard-service t=2026-05-25T15:42:43.711570432Z level=info msg="No last resource version found, starting from scratch" orgID=1
logger=dashboard-service t=2026-05-25T15:43:13.710856576Z level=info msg="No last resource version found, starting from scratch" orgID=1
logger=context userId=1 orgId=1 uname=admin t=2026-05-25T15:43:19.491223812Z level=info msg="Request Completed" method=POST path=/api/ds/query status=400 remote_addr=127.0.0.1 time_ms=4 duration=4.819893ms size=150 referer="http://127.0.0.1:3000/d/6ea2ab56-0c6c-424e-ad9c-c6c402d34364/week2-seed-oss-36b-inference-service?from=now-6h&orgId=1&refresh=5s&timezone=browser&to=now" handler=/api/ds/query status_source=downstream
logger=dashboard-service t=2026-05-25T15:43:43.711031209Z level=info msg="No last resource version found, starting from scratch" orgID=1
logger=dashboard-service t=2026-05-25T15:44:13.710487181Z level=info msg="No last resource version found, starting from scratch" orgID=1
logger=dashboard-service t=2026-05-25T15:44:43.711078563Z level=info msg="No last resource version found, starting from scratch" orgID=1
logger=dashboard-service t=2026-05-25T15:45:13.711801626Z level=info msg="No last resource version found, starting from scratch" orgID=1
logger=cleanup t=2026-05-25T15:45:13.723893243Z level=info msg="Completed cleanup jobs" duration=15.333719ms
logger=plugins.update.checker t=2026-05-25T15:45:14.04425852Z level=info msg="Update check succeeded" duration=168.865524ms
logger=plugins.update.checker t=2026-05-25T15:45:14.04462703Z level=info msg="flag evaluation succeeded" flag="{Value:false EvaluationDetails:{FlagKey:pluginsAutoUpdate FlagType:bool ResolutionDetail:{Variant:default Reason:STATIC ErrorCode: ErrorMessage: FlagMetadata:map[]}}}" details="{Value:false EvaluationDetails:{FlagKey:pluginsAutoUpdate FlagType:bool ResolutionDetail:{Variant:default Reason:STATIC ErrorCode: ErrorMessage: FlagMetadata:map[]}}}"
logger=dashboard-service t=2026-05-25T15:45:43.710906787Z level=info msg="No last resource version found, starting from scratch" orgID=1
logger=dashboard-service t=2026-05-25T15:46:13.711062209Z level=info msg="No last resource version found, starting from scratch" orgID=1
logger=dashboard-service t=2026-05-25T15:46:43.710379921Z level=info msg="No last resource version found, starting from scratch" orgID=1
logger=bleve-backend t=2026-05-25T15:47:12.27004041Z level=info msg="index evicted from cache" reason=expired key="{Namespace:default Group:playlist.grafana.app Resource:playlists}" storage=memory
logger=bleve-backend t=2026-05-25T15:47:12.271718561Z level=info msg="index evicted from cache" reason=expired key="{Namespace:default Group:dashboard.grafana.app Resource:dashboards}" storage=memory
logger=bleve-backend t=2026-05-25T15:47:12.272152421Z level=info msg="index evicted from cache" reason=expired key="{Namespace:default Group:folder.grafana.app Resource:folders}" storage=memory
logger=bleve-backend t=2026-05-25T15:47:12.272476951Z level=info msg="index evicted from cache" reason=expired key="{Namespace:default Group:provisioning.grafana.app Resource:repositories}" storage=memory
logger=bleve-backend namespace=default group=dashboard.grafana.app resource=dashboards size=1 reason=search t=2026-05-25T15:47:13.174028704Z level=info msg="Building index using memory"
logger=bleve-backend namespace=default group=dashboard.grafana.app resource=dashboards size=1 reason=search t=2026-05-25T15:47:13.182334989Z level=info msg="Finished building index" elapsed=7.766025ms listRV=1779723374860986
logger=bleve-backend namespace=default group=dashboard.grafana.app resource=dashboards size=1 reason=search t=2026-05-25T15:47:13.182641889Z level=info msg="Storing index in cache" key="{Namespace:default Group:dashboard.grafana.app Resource:dashboards}" expiration=2026-05-25T15:57:13.182638679Z
logger=bleve-backend namespace=default group=folder.grafana.app resource=folders size=0 reason=search t=2026-05-25T15:47:13.191399645Z level=info msg="Building index using memory"
logger=bleve-backend namespace=default group=folder.grafana.app resource=folders size=0 reason=search t=2026-05-25T15:47:13.203941653Z level=info msg="Finished building index" elapsed=11.938777ms listRV=1779723312346015
logger=bleve-backend namespace=default group=folder.grafana.app resource=folders size=0 reason=search t=2026-05-25T15:47:13.204462533Z level=info msg="Storing index in cache" key="{Namespace:default Group:folder.grafana.app Resource:folders}" expiration=2026-05-25T15:57:13.204455793Z
logger=dashboard-service t=2026-05-25T15:47:13.711200274Z level=info msg="No last resource version found, starting from scratch" orgID=1
logger=dashboard-service t=2026-05-25T15:47:43.711026006Z level=info msg="No last resource version found, starting from scratch" orgID=1
logger=dashboard-service t=2026-05-25T15:48:13.711820049Z level=info msg="No last resource version found, starting from scratch" orgID=1
logger=dashboard-service t=2026-05-25T15:48:43.71028943Z level=info msg="No last resource version found, starting from scratch" orgID=1
logger=dashboard-service t=2026-05-25T15:49:13.712016883Z level=info msg="No last resource version found, starting from scratch" orgID=1
logger=dashboard-service t=2026-05-25T15:49:43.711048934Z level=info msg="No last resource version found, starting from scratch" orgID=1
logger=sqlstore.transactions t=2026-05-25T15:50:12.37980571Z level=info msg="Database locked, sleeping then retrying" error="database is locked (5) (SQLITE_BUSY)" retry=0
logger=dashboard-service t=2026-05-25T15:50:13.710529366Z level=info msg="No last resource version found, starting from scratch" orgID=1
logger=dashboard-service t=2026-05-25T15:50:43.711794479Z level=info msg="No last resource version found, starting from scratch" orgID=1
logger=dashboard-service t=2026-05-25T15:51:13.712058661Z level=info msg="No last resource version found, starting from scratch" orgID=1
logger=dashboard-service t=2026-05-25T15:51:43.710380582Z level=info msg="No last resource version found, starting from scratch" orgID=1
logger=dashboard-service t=2026-05-25T15:52:13.714618497Z level=info msg="No last resource version found, starting from scratch" orgID=1
logger=dashboard-service t=2026-05-25T15:52:43.710831266Z level=info msg="No last resource version found, starting from scratch" orgID=1
logger=dashboard-service t=2026-05-25T15:53:13.714524161Z level=info msg="No last resource version found, starting from scratch" orgID=1
logger=dashboard-service t=2026-05-25T15:53:43.7108542Z level=info msg="No last resource version found, starting from scratch" orgID=1
logger=dashboard-service t=2026-05-25T15:54:13.710243922Z level=info msg="No last resource version found, starting from scratch" orgID=1
logger=dashboard-service t=2026-05-25T15:54:43.710634884Z level=info msg="No last resource version found, starting from scratch" orgID=1
logger=dashboard-service t=2026-05-25T15:55:13.724811675Z level=info msg="No last resource version found, starting from scratch" orgID=1
logger=cleanup t=2026-05-25T15:55:13.725785446Z level=info msg="Completed cleanup jobs" duration=17.222421ms
logger=plugins.update.checker t=2026-05-25T15:55:14.0415383Z level=info msg="Update check succeeded" duration=166.009333ms
logger=plugins.update.checker t=2026-05-25T15:55:14.04183884Z level=info msg="flag evaluation succeeded" flag="{Value:false EvaluationDetails:{FlagKey:pluginsAutoUpdate FlagType:bool ResolutionDetail:{Variant:default Reason:STATIC ErrorCode: ErrorMessage: FlagMetadata:map[]}}}" details="{Value:false EvaluationDetails:{FlagKey:pluginsAutoUpdate FlagType:bool ResolutionDetail:{Variant:default Reason:STATIC ErrorCode: ErrorMessage: FlagMetadata:map[]}}}"
logger=dashboard-service t=2026-05-25T15:55:43.710832969Z level=info msg="No last resource version found, starting from scratch" orgID=1
logger=dashboard-service t=2026-05-25T15:56:13.70998452Z level=info msg="No last resource version found, starting from scratch" orgID=1
logger=dashboard-service t=2026-05-25T15:56:43.710488643Z level=info msg="No last resource version found, starting from scratch" orgID=1
logger=dashboard-service t=2026-05-25T15:57:13.710033884Z level=info msg="No last resource version found, starting from scratch" orgID=1
logger=dashboard-service t=2026-05-25T15:57:43.709918146Z level=info msg="No last resource version found, starting from scratch" orgID=1
logger=dashboard-service t=2026-05-25T15:58:13.709853978Z level=info msg="No last resource version found, starting from scratch" orgID=1
